sku,name,author,regular_price,sale_price,quantity,publisher,edition,notes,cover,language,condition,images
20-10-001,এক্স এজেন্ট(মাসুদ রানা),কাজী আনোয়ার হোসেন,75.0,,1,সেবা প্রকাশনী,2019.0,,Paperback,Bn,OLD,http://mdsalah.customerserver003003.eurhosting.net/WATERMARKED-2/এক্স%20এজেন্ট(মাসুদ%20রানা).jpg
20-10-005,ভলিউম ১৪১(তিন গোয়েন্দা),শামসুদ্দীন নওয়াব,75.0,,1,সেবা প্রকাশনী,2017.0,মেগা ভলিউম,Paperback,Bn,OLD,http://mdsalah.customerserver003003.eurhosting.net/WATERMARKED-2/ভলিউম%20১৪৪(তিন%20গোয়েন্দা).jpg
20-10-006,ভলিউম ১৪৪(তিন গোয়েন্দা),শামসুদ্দীন নওয়াব,75.0,,0,সেবা প্রকাশনী,2018.0,টাইটান ভলিউম,Paperback,Bn,OLD,http://mdsalah.customerserver003003.eurhosting.net/WATERMARKED-2/ভলিউম%20১৪৪(তিন%20গোয়েন্দা).jpg
20-10-007,ভলিউম ১৪৮(তিন গোয়েন্দা),শামসুদ্দীন নওয়াব,75.0,,0,সেবা প্রকাশনী,2019.0,জায়ান্ট ভলিউম,Paperback,Bn,OLD,http://mdsalah.customerserver003003.eurhosting.net/WATERMARKED-2/ভলিউম%20১৪৪(তিন%20গোয়েন্দা).jpg
20-10-010,মায়া মন্দির(মাসুদ রানা),কাজী আনোয়ার হোসেন,75.0,,2,সেবা প্রকাশনী,2017.0,,Paperback,Bn,OLD,http://mdsalah.customerserver003003.eurhosting.net/WATERMARKED-2/মায়া%20মন্দির(মাসুদ%20রানা).jpg
20-10-025,দুরন্ত কৈশোর(মাসুদ রানা),কাজী আনোয়ার হোসেন,75.0,,0,সেবা প্রকাশনী,2016.0,,Paperback,Bn,OLD,http://mdsalah.customerserver003003.eurhosting.net/WATERMARKED-2/দুরন্ত%20কৈশোর(মাসুদ%20রানা).jpg
20-10-031,খোঁজ(ওয়েস্টার্ন),গোলাম মাওলা নঈম,75.0,,0,সেবা প্রকাশনী,2018.0,,Paperback,Bn,OLD,http://mdsalah.customerserver003003.eurhosting.net/WATERMARKED-2/খোঁজ(ওয়েস্টার্ন).jpg
20-10-032,হাঙ্গামা(ওয়েস্টার্ন),গোলাম মাওলা নঈম/মুনতাসির রহমান অর্ণব,75.0,,4,সেবা প্রকাশনী,2014.0,,Paperback,Bn,OLD,http://mdsalah.customerserver003003.eurhosting.net/WATERMARKED-2/হাঙ্গামা(ওয়েস্টার্ন).jpg
20-10-033,শার্প শুটার(মাসুদ রানা),কাজী আনোয়ার হোসেন,75.0,,2,সেবা প্রকাশনী,2015.0,,Paperback,Bn,OLD,http://mdsalah.customerserver003003.eurhosting.net/WATERMARKED-2/শার্প%20শুটার(মাসুদ%20রানা).jpg
20-10-035,মৃত্যুদ্বীপ(মাসুদ রানা),কাজী আনোয়ার হোসেন,75.0,,6,সেবা প্রকাশনী,2014.0,,Paperback,Bn,OLD,http://mdsalah.customerserver003003.eurhosting.net/WATERMARKED-2/মৃত্যুদ্বীপ(মাসুদ%20রানা).jpg
20-10-036,ধর্মগুরু(মাসুদ রানা),কাজী আনোয়ার হোসেন,75.0,,0,সেবা প্রকাশনী,2017.0,,Paperback,Bn,OLD,http://mdsalah.customerserver003003.eurhosting.net/WATERMARKED-2/ধর্মগুরু(মাসুদ%20রানা).jpg
20-10-041,মহাপ্লাবন(মাসুদ রানা),কাজী আনোয়ার হোসেন,75.0,,1,সেবা প্রকাশনী,2020.0,,Paperback,Bn,OLD,http://mdsalah.customerserver003003.eurhosting.net/WATERMARKED-2/মহাপ্লাবন(মাসুদ%20রানা).jpg
20-10-045,অপয়া অপরাহ্ণ(অনুবাদ),স্যার আর্থার কোনান ডয়েল/আগাথা ক্রিস্টি,75.0,,0,সেবা প্রকাশনী,2017.0,,Paperback,Bn,OLD,http://mdsalah.customerserver003003.eurhosting.net/WATERMARKED-2/অপয়া%20অপরাহ্ণ(অনুবাদ).jpg
20-10-048,বিনাশ(ওয়েস্টার্ন),গোলাম মাওলা নঈম,75.0,,2,সেবা প্রকাশনী,2013.0,,Paperback,Bn,OLD,http://mdsalah.customerserver003003.eurhosting.net/WATERMARKED-2/বিনাশ(ওয়েস্টার্ন).jpg
20-10-069,ডেথ ট্রেইল(ওয়েস্টার্ন),সায়েম সোলায়মান,75.0,,0,সেবা প্রকাশনী,2014.0,,Paperback,Bn,OLD,http://mdsalah.customerserver003003.eurhosting.net/WATERMARKED-2/ডেথ%20ট্রেইল(ওয়েস্টার্ন).jpg
20-10-078,বিষনাগিনী(মাসুদ রানা),কাজী আনোয়ার হোসেন,75.0,,3,সেবা প্রকাশনী,2016.0,,Paperback,Bn,OLD,http://mdsalah.customerserver003003.eurhosting.net/WATERMARKED-2/বিষনাগিনী(মাসুদ%20রানা).jpg
20-10-087,মৃত্যু পরোয়ানা,ইসমাইল আরমান,75.0,,0,সেবা প্রকাশনী,2018.0,,Paperback,Bn,OLD,http://mdsalah.customerserver003003.eurhosting.net/WATERMARKED-2/মৃত্যু%20পরোয়ানা.jpg
20-11-007,মূর্তি চোর,শামসুদ্দীন নওয়াব,40.0,,3,সেবা প্রকাশনী,2005.0,,Paperback,Bn,OLD,http://mdsalah.customerserver003003.eurhosting.net/WATERMARKED-2/মূর্তি%20চোর.jpg
20-11-009,পুরানো কামান,রকিব হাসান,40.0,,2,সেবা প্রকাশনী,1996.0,,Paperback,Bn,OLD,http://mdsalah.customerserver003003.eurhosting.net/WATERMARKED-2/পুরানো%20কামান.jpg
20-11-010,মহাকাশের কিশোর,রকিব হাসান,40.0,,4,সেবা প্রকাশনী,2002.0,,Paperback,Bn,OLD,http://mdsalah.customerserver003003.eurhosting.net/WATERMARKED-2/মহাকাশের%20কিশোর.jpg
20-11-011,জয়দেবপুরে তিন গোয়েন্দা,রকিব হাসান,40.0,,1,সেবা প্রকাশনী,2003.0,,Paperback,Bn,OLD,http://mdsalah.customerserver003003.eurhosting.net/WATERMARKED-2/জয়দেবপুরে%20তিন%20গোয়েন্দা.jpg
20-11-012,পতঙ্গ ব্যবসা,রকিব হাসান,40.0,,4,সেবা প্রকাশনী,1996.0,,Paperback,Bn,OLD,http://mdsalah.customerserver003003.eurhosting.net/WATERMARKED-2/পতঙ্গ%20ব্যবসা.jpg
20-11-013,মারাত্নক বিপদ,শামসুদ্দীন নওয়াব,40.0,,3,সেবা প্রকাশনী,2005.0,,Paperback,Bn,OLD,http://mdsalah.customerserver003003.eurhosting.net/WATERMARKED-2/মারাত্নক%20বিপদ.jpg
20-11-016,মায়া নেকড়ে,রকিব হাসান,40.0,,3,সেবা প্রকাশনী,1997.0,,Paperback,Bn,OLD,http://mdsalah.customerserver003003.eurhosting.net/WATERMARKED-2/মায়া%20নেকড়ে.jpg
20-11-017,টাইম ট্রাভেল,রকিব হাসান,40.0,,3,সেবা প্রকাশনী,2002.0,,Paperback,Bn,OLD,http://mdsalah.customerserver003003.eurhosting.net/WATERMARKED-2/টাইম%20ট্রাভেল.jpg
20-11-018,পোষা ডাইনোসর,রকিব হাসান,40.0,,8,সেবা প্রকাশনী,2001.0,,Paperback,Bn,OLD,http://mdsalah.customerserver003003.eurhosting.net/WATERMARKED-2/পোষা%20ডাইনোসর.jpg
20-11-022,রাতের আঁধারে,রকিব হাসান,40.0,,5,সেবা প্রকাশনী,1998.0,,Paperback,Bn,OLD,http://mdsalah.customerserver003003.eurhosting.net/WATERMARKED-2/রাতের%20আঁধারে.jpg
20-11-023,সময়সুড়ঙ্গ,রকিব হাসান,40.0,,2,সেবা প্রকাশনী,2000.0,,Paperback,Bn,OLD,http://mdsalah.customerserver003003.eurhosting.net/WATERMARKED-2/সময়সুড়ঙ্গ.jpg
20-11-024,মায়াজাল,রকিব হাসান,40.0,,1,সেবা প্রকাশনী,,,Paperback,Bn,OLD,http://mdsalah.customerserver003003.eurhosting.net/WATERMARKED-2/মায়াজাল.jpg
20-11-025,মরণসঙ্কেত,শামসুদ্দীন নওয়াব,40.0,,1,সেবা প্রকাশনী,2004.0,,Paperback,Bn,OLD,http://mdsalah.customerserver003003.eurhosting.net/WATERMARKED-2/মরণসঙ্কেত.jpg
20-11-026,বিপদের গন্ধ,রকিব হাসান,40.0,,3,সেবা প্রকাশনী,,,Paperback,Bn,OLD,http://mdsalah.customerserver003003.eurhosting.net/WATERMARKED-2/বিপদের%20গন্ধ.jpg
20-11-027,সীমান্তে সংঘাত,রকিব হাসান,40.0,,4,সেবা প্রকাশনী,2001.0,,Paperback,Bn,OLD,http://mdsalah.customerserver003003.eurhosting.net/WATERMARKED-2/সীমান্তে%20সংঘাত.jpg
20-11-029,পিশাচকন্যা,রকিব হাসান,40.0,,7,সেবা প্রকাশনী,2000.0,,Paperback,Bn,OLD,http://mdsalah.customerserver003003.eurhosting.net/WATERMARKED-2/পিশাচকন্যা.jpg
20-11-030,খেপা কিশোর,রকিব হাসান,40.0,,0,সেবা প্রকাশনী,1999.0,,Paperback,Bn,OLD,http://mdsalah.customerserver003003.eurhosting.net/WATERMARKED-2/খেপা%20কিশোর.jpg
20-11-031,ভয়ঙ্ককর অসহায়,রকিব হাসান,40.0,,3,সেবা প্রকাশনী,1998.0,,Paperback,Bn,OLD,http://mdsalah.customerserver003003.eurhosting.net/WATERMARKED-2/ভয়ঙ্ককর%20অসহায়.jpg
20-11-033,কিশোর জাদুকর,রকিব হাসান,40.0,,11,সেবা প্রকাশনী,1999.0,,Paperback,Bn,OLD,http://mdsalah.customerserver003003.eurhosting.net/WATERMARKED-2/কিশোর%20জাদুকর.jpg
20-11-034,সরাইখানায় ষড়যন্ত্র,রকিব হাসান,40.0,,5,সেবা প্রকাশনী,2002.0,,Paperback,Bn,OLD,http://mdsalah.customerserver003003.eurhosting.net/WATERMARKED-2/সরাইখানায়%20ষড়যন্ত্র.jpg
20-11-035,মৃত্যুঘড়ি,রকিব হাসান,40.0,,2,সেবা প্রকাশনী,1996.0,,Paperback,Bn,OLD,http://mdsalah.customerserver003003.eurhosting.net/WATERMARKED-2/মৃত্যুঘড়ি.jpg
20-11-036,তুষার বন্দী,রকিব হাসান,40.0,,6,সেবা প্রকাশনী,1998.0,,Paperback,Bn,OLD,http://mdsalah.customerserver003003.eurhosting.net/WATERMARKED-2/তুষার%20বন্দী.jpg
20-11-037,গ্রেট রবিনিয়োসো,রকিব হাসান,40.0,,1,সেবা প্রকাশনী,1999.0,,Paperback,Bn,OLD,http://mdsalah.customerserver003003.eurhosting.net/WATERMARKED-2/গ্রেট%20রবিনিয়োসো.jpg
20-11-038,জলদস্যুর গুপ্তধন,রকিব হাসান,40.0,,0,সেবা প্রকাশনী,2004.0,,Paperback,Bn,OLD,http://mdsalah.customerserver003003.eurhosting.net/WATERMARKED-2/জলদস্যুর%20গুপ্তধন.jpg
20-11-039,দূর্গরহস্য,রকিব হাসান,40.0,,4,সেবা প্রকাশনী,2004.0,,Paperback,Bn,OLD,http://mdsalah.customerserver003003.eurhosting.net/WATERMARKED-2/দূর্গরহস্য.jpg
20-11-040,সি সি সি,রকিব হাসান,40.0,,11,সেবা প্রকাশনী,2001.0,,Paperback,Bn,OLD,http://mdsalah.customerserver003003.eurhosting.net/WATERMARKED-2/সি%20সি%20সি.jpg
20-11-043,সৈকতে সাবধান,রকিব হাসান,40.0,,3,সেবা প্রকাশনী,1998.0,,Paperback,Bn,OLD,http://mdsalah.customerserver003003.eurhosting.net/WATERMARKED-2/সৈকতে%20সাবধান.jpg
20-11-044,দ্বীপরহস্য,রকিব হাসান,40.0,,8,সেবা প্রকাশনী,2003.0,,Paperback,Bn,OLD,http://mdsalah.customerserver003003.eurhosting.net/WATERMARKED-2/দ্বীপরহস্য.jpg
20-11-047,শয়তানের থাবা,রকিব হাসান,40.0,,6,সেবা প্রকাশনী,1996.0,,Paperback,Bn,OLD,http://mdsalah.customerserver003003.eurhosting.net/WATERMARKED-2/শয়তানের%20থাবা.jpg
20-11-048,খনিতে বিপদ,রকিব হাসান,40.0,,1,সেবা প্রকাশনী,2004.0,,Paperback,Bn,OLD,http://mdsalah.customerserver003003.eurhosting.net/WATERMARKED-2/খনিতে%20বিপদ.jpg
20-11-049,শ্বাপদের চোখ,রকিব হাসান,40.0,,6,সেবা প্রকাশনী,2001.0,,Paperback,Bn,OLD,http://mdsalah.customerserver003003.eurhosting.net/WATERMARKED-2/শ্বাপদের%20চোখ.jpg
20-11-050,বাঁশিরহস্য,রকিব হাসান,40.0,,4,সেবা প্রকাশনী,2002.0,,Paperback,Bn,OLD,http://mdsalah.customerserver003003.eurhosting.net/WATERMARKED-2/বাঁশিরহস্য.jpg
20-11-053,দ্বীপের মালিক,রকিব হাসান,40.0,,2,সেবা প্রকাশনী,1999.0,,Paperback,Bn,OLD,http://mdsalah.customerserver003003.eurhosting.net/WATERMARKED-2/দ্বীপের%20মালিক.jpg
20-11-054,সাগরতীরে তিন গোয়েন্দা,রকিব হাসান,40.0,,4,সেবা প্রকাশনী,2003.0,,Paperback,Bn,OLD,http://mdsalah.customerserver003003.eurhosting.net/WATERMARKED-2/সাগরতীরে%20তিন%20গোয়েন্দা.jpg
20-11-056,টাকার খেলা,রকিব হাসান,40.0,,11,সেবা প্রকাশনী,1996.0,,Paperback,Bn,OLD,http://mdsalah.customerserver003003.eurhosting.net/WATERMARKED-2/টাকার%20খেলা.jpg
20-11-057,গোপন ফর্মূলা,রকিব হাসান,40.0,,6,সেবা প্রকাশনী,1998.0,,Paperback,Bn,OLD,http://mdsalah.customerserver003003.eurhosting.net/WATERMARKED-2/গোপন%20ফর্মূলা.jpg
20-11-058,ওকিমুরো কর্পোরেশন,রকিব হাসান,40.0,,0,সেবা প্রকাশনী,1997.0,,Paperback,Bn,OLD,http://mdsalah.customerserver003003.eurhosting.net/WATERMARKED-2/ওকিমুরো%20কর্পোরেশন.jpg
20-11-059,ঐতিহাসিক দুর্গ,রকিব হাসান,40.0,,3,সেবা প্রকাশনী,1994.0,,Paperback,Bn,OLD,http://mdsalah.customerserver003003.eurhosting.net/WATERMARKED-2/ঐতিহাসিক%20দুর্গ.jpg
20-11-060,সোনার খোঁজে,রকিব হাসান,40.0,,4,সেবা প্রকাশনী,1998.0,,Paperback,Bn,OLD,http://mdsalah.customerserver003003.eurhosting.net/WATERMARKED-2/সোনার%20খোঁজে.jpg
20-11-061,ট্রেইন ডাকাতি,রকিব হাসান,40.0,,1,সেবা প্রকাশনী,2005.0,,Paperback,Bn,OLD,http://mdsalah.customerserver003003.eurhosting.net/WATERMARKED-2/ট্রেইন%20ডাকাতি.jpg
20-11-062,স্বর্গদ্বীপ,রকিব হাসান,40.0,,7,সেবা প্রকাশনী,2001.0,,Paperback,Bn,OLD,http://mdsalah.customerserver003003.eurhosting.net/WATERMARKED-2/স্বর্গদ্বীপ.jpg
20-11-063,বিপজ্জনক খেলা,রকিব হাসান,40.0,,6,সেবা প্রকাশনী,1998.0,,Paperback,Bn,OLD,http://mdsalah.customerserver003003.eurhosting.net/WATERMARKED-2/বিপজ্জনক%20খেলা.jpg
20-11-067,জাল নোট,রকিব হাসান,40.0,,4,সেবা প্রকাশনী,1997.0,,Paperback,Bn,OLD,http://mdsalah.customerserver003003.eurhosting.net/WATERMARKED-2/জাল%20নোট.jpg
20-11-069,যুদ্ধযাত্রা,রকিব হাসান,40.0,,8,সেবা প্রকাশনী,2000.0,,Paperback,Bn,OLD,http://mdsalah.customerserver003003.eurhosting.net/WATERMARKED-2/যুদ্ধযাত্রা.jpg
20-11-071,তিন বিঘা,রকিব হাসান,40.0,,6,সেবা প্রকাশনী,1999.0,,Paperback,Bn,OLD,http://mdsalah.customerserver003003.eurhosting.net/WATERMARKED-2/তিন%20বিঘা.jpg
20-11-072,তাসের খেলা,রকিব হাসান,40.0,,9,সেবা প্রকাশনী,2002.0,,Paperback,Bn,OLD,http://mdsalah.customerserver003003.eurhosting.net/WATERMARKED-2/তাসের%20খেলা.jpg
20-11-074,ভ্যাম্পায়ারের দ্বীপ,রকিব হাসান,40.0,,5,সেবা প্রকাশনী,1998.0,,Paperback,Bn,OLD,http://mdsalah.customerserver003003.eurhosting.net/WATERMARKED-2/ভ্যাম্পায়ারের%20দ্বীপ.jpg
20-11-076,গ্রেট কিশোরিয়াসো,রকিব হাসান,40.0,,2,সেবা প্রকাশনী,1999.0,,Paperback,Bn,OLD,http://mdsalah.customerserver003003.eurhosting.net/WATERMARKED-2/গ্রেট%20কিশোরিয়াসো.jpg
20-11-077,প্রত্নসন্ধান,রকিব হাসান,40.0,,2,সেবা প্রকাশনী,2000.0,,Paperback,Bn,OLD,http://mdsalah.customerserver003003.eurhosting.net/WATERMARKED-2/প্রত্নসন্ধান.jpg
20-11-078,নিষিদ্ধ এলাকা,রকিব হাসান,40.0,,7,সেবা প্রকাশনী,2001.0,,Paperback,Bn,OLD,http://mdsalah.customerserver003003.eurhosting.net/WATERMARKED-2/নিষিদ্ধ%20এলাকা.jpg
20-11-080,মানুষ ছিনতাই,রকিব হাসান,40.0,,8,সেবা প্রকাশনী,2000.0,,Paperback,Bn,OLD,http://mdsalah.customerserver003003.eurhosting.net/WATERMARKED-2/মানুষ%20ছিনতাই.jpg
20-11-083,জবরদখল,রকিব হাসান,40.0,,7,সেবা প্রকাশনী,2000.0,,Paperback,Bn,OLD,http://mdsalah.customerserver003003.eurhosting.net/WATERMARKED-2/জবরদখল.jpg
20-11-084,প্রেতাত্নার প্রতিশোধ,রকিব হাসান,40.0,,4,সেবা প্রকাশনী,1997.0,,Paperback,Bn,OLD,http://mdsalah.customerserver003003.eurhosting.net/WATERMARKED-2/প্রেতাত্নার%20প্রতিশোধ.jpg
20-11-085,বিড়াল উধাও,রকিব হাসান,40.0,,3,সেবা প্রকাশনী,1994.0,,Paperback,Bn,OLD,http://mdsalah.customerserver003003.eurhosting.net/WATERMARKED-2/বিড়াল%20উধাও.jpg
20-11-086,গ্রেট মুসাইয়োসো,রকিব হাসান,40.0,,0,সেবা প্রকাশনী,1999.0,,Paperback,Bn,OLD,http://mdsalah.customerserver003003.eurhosting.net/WATERMARKED-2/গ্রেট%20মুসাইয়োসো.jpg
20-11-087,নেকড়ের গুহা,রকিব হাসান,40.0,,7,সেবা প্রকাশনী,2001.0,,Paperback,Bn,OLD,http://mdsalah.customerserver003003.eurhosting.net/WATERMARKED-2/নেকড়ের%20গুহা.jpg
20-11-088,জলদস্যু্র মোহর,রকিব হাসান,40.0,,7,সেবা প্রকাশনী,1996.0,,Paperback,Bn,OLD,http://mdsalah.customerserver003003.eurhosting.net/WATERMARKED-2/জলদস্যু্র%20মোহর.jpg
20-11-089,গেল কোথায়,রকিব হাসান,40.0,,4,সেবা প্রকাশনী,1997.0,,Paperback,Bn,OLD,http://mdsalah.customerserver003003.eurhosting.net/WATERMARKED-2/গেল%20কোথায়.jpg
20-11-090,গুপ্তচর শিকারি,রকিব হাসান,40.0,,0,সেবা প্রকাশনী,1996.0,,Paperback,Bn,OLD,http://mdsalah.customerserver003003.eurhosting.net/WATERMARKED-2/গুপ্তচর%20শিকারি.jpg
20-11-091,মাকড়সামানব,রকিব হাসান,40.0,,6,সেবা প্রকাশনী,1997.0,,Paperback,Bn,OLD,http://mdsalah.customerserver003003.eurhosting.net/WATERMARKED-2/মাকড়সামানব.jpg
20-11-092,ডাকাত সর্দার,রকিব হাসান,40.0,,9,সেবা প্রকাশনী,2000.0,,Paperback,Bn,OLD,http://mdsalah.customerserver003003.eurhosting.net/WATERMARKED-2/ডাকাত%20সর্দার.jpg
20-11-093,ডীপ ফ্রীজ,রকিব হাসান,40.0,,11,সেবা প্রকাশনী,2002.0,,Paperback,Bn,OLD,http://mdsalah.customerserver003003.eurhosting.net/WATERMARKED-2/ডীপ%20ফ্রীজ.jpg
20-11-096,বুদ্ধির খেলা,রকিব হাসান,40.0,,1,সেবা প্রকাশনী,2005.0,,Paperback,Bn,OLD,http://mdsalah.customerserver003003.eurhosting.net/WATERMARKED-2/বুদ্ধির%20খেলা.jpg
20-11-098,দক্ষিণ যাত্রা,রকিব হাসান,40.0,,2,সেবা প্রকাশনী,1999.0,,Paperback,Bn,OLD,http://mdsalah.customerserver003003.eurhosting.net/WATERMARKED-2/দক্ষিণ%20যাত্রা.jpg
20-11-099,বিষাক্ত অর্কিড,রকিব হাসান,40.0,,4,সেবা প্রকাশনী,1997.0,,Paperback,Bn,OLD,http://mdsalah.customerserver003003.eurhosting.net/WATERMARKED-2/বিষাক্ত%20অর্কিড.jpg
20-11-100,বিষের ভয়,রকিব হাসান,40.0,,5,সেবা প্রকাশনী,1995.0,,Paperback,Bn,OLD,http://mdsalah.customerserver003003.eurhosting.net/WATERMARKED-2/বিষের%20ভয়.jpg
20-11-101,অপারেশন অ্যালিগেটর,রকিব হাসান,40.0,,0,সেবা প্রকাশনী,2000.0,,Paperback,Bn,OLD,http://mdsalah.customerserver003003.eurhosting.net/WATERMARKED-2/অপারেশন%20অ্যালিগেটর.jpg
20-11-102,অপারেশন কক্সবাজার,রকিব হাসান,40.0,,1,সেবা প্রকাশনী,1997.0,,Paperback,Bn,OLD,http://mdsalah.customerserver003003.eurhosting.net/WATERMARKED-2/অপারেশন%20কক্সবাজার.jpg
20-11-103,ঝামেলা,রকিব হাসান,40.0,,0,সেবা প্রকাশনী,1994.0,,Paperback,Bn,OLD,http://mdsalah.customerserver003003.eurhosting.net/WATERMARKED-2/ঝামেলা.jpg
20-11-104,রত্নের সন্ধানে,রকিব হাসান,40.0,,0,সেবা প্রকাশনী,2003.0,,Paperback,Bn,OLD,http://mdsalah.customerserver003003.eurhosting.net/WATERMARKED-2/রত্নের%20সন্ধানে.jpg
20-11-106,স্পাইডারম্যান,রকিব হাসান,40.0,,2,সেবা প্রকাশনী,2002.0,,Paperback,Bn,OLD,http://mdsalah.customerserver003003.eurhosting.net/WATERMARKED-2/স্পাইডারম্যান.jpg
20-11-109,দীঘির দানো,রকিব হাসান,40.0,,5,সেবা প্রকাশনী,1995.0,,Paperback,Bn,OLD,http://mdsalah.customerserver003003.eurhosting.net/WATERMARKED-2/দীঘির%20দানো.jpg
20-11-113,আরেক ফ্র্যাঙ্কেনস্টাইন,রকিব হাসান,40.0,,2,সেবা প্রকাশনী,1998.0,,Paperback,Bn,OLD,http://mdsalah.customerserver003003.eurhosting.net/WATERMARKED-2/আরেক%20ফ্র্যাঙ্কেনস্টাইন.jpg
20-11-114,নকশা,রকিব হাসান,40.0,,4,সেবা প্রকাশনী,1995.0,,Paperback,Bn,OLD,http://mdsalah.customerserver003003.eurhosting.net/WATERMARKED-2/নকশা.jpg
20-11-122,চাঁদের ছায়া,রকিব হাসান,40.0,,2,সেবা প্রকাশনী,2000.0,,Paperback,Bn,OLD,http://mdsalah.customerserver003003.eurhosting.net/WATERMARKED-2/চাঁদের%20ছায়া.jpg
20-11-125,হিমপিশাচের কবলে/গোপন ডায়েরি,শামসুদ্দীন নওয়াব,50.0,,2,সেবা প্রকাশনী,2006.0,দুটি বই একত্রে,Paperback,Bn,OLD,http://mdsalah.customerserver003003.eurhosting.net/WATERMARKED-2/হিমপিশাচের%20কবলেগোপন%20ডায়েরি.jpg
20-11-134,দ্বীপের মালিক,রকিব হাসান,40.0,,3,সেবা প্রকাশনী,1999.0,,Paperback,Bn,OLD,http://mdsalah.customerserver003003.eurhosting.net/WATERMARKED-2/দ্বীপের%20মালিক.jpg
20-11-135,মারাত্মক ভুল,রকিব হাসান,40.0,,0,সেবা প্রকাশনী,1995.0,,Paperback,Bn,OLD,http://mdsalah.customerserver003003.eurhosting.net/WATERMARKED-2/মারাত্মক%20ভুল.jpg
20-11-136,নির্জন উপত্যকা,রকিব হাসান,40.0,,2,সেবা প্রকাশনী,2006.0,,Paperback,Bn,OLD,http://mdsalah.customerserver003003.eurhosting.net/WATERMARKED-2/নির্জন%20উপত্যকা.jpg
20-11-139,চ্যাম্পিয়ন গোয়েন্দা,শামসুদ্দীন নওয়াব,40.0,,0,সেবা প্রকাশনী,2005.0,,Paperback,Bn,OLD,http://mdsalah.customerserver003003.eurhosting.net/WATERMARKED-2/চ্যাম্পিয়ন%20গোয়েন্দা.jpg
20-11-142,মূর্তির হুঙ্কার,রকিব হাসান,40.0,,0,সেবা প্রকাশনী,1994.0,,Paperback,Bn,OLD,http://mdsalah.customerserver003003.eurhosting.net/WATERMARKED-2/মূর্তির%20হুঙ্কার.jpg
20-11-143,খুন,রকিব হাসান,40.0,,0,সেবা প্রকাশনী,1993.0,,Paperback,Bn,OLD,http://mdsalah.customerserver003003.eurhosting.net/WATERMARKED-2/খুন.jpg
20-11-145,বুদ্ধির খেলা,রকিব হাসান,40.0,,1,সেবা প্রকাশনী,,,Paperback,Bn,OLD,http://mdsalah.customerserver003003.eurhosting.net/WATERMARKED-2/বুদ্ধির%20খেলা.jpg
20-2-001,মরুস্বর্গ,কাজী আনোয়ার হোসেন,40.0,,1,সেবা প্রকাশনী,2011.0,,Paperback,Bn,OLD,http://mdsalah.customerserver003003.eurhosting.net/WATERMARKED-2/মরুস্বর্গ.jpg
20-2-004,কনকতরী,কাজী আনোয়ার হোসেন,40.0,,0,সেবা প্রকাশনী,2003.0,,Paperback,Bn,OLD,http://mdsalah.customerserver003003.eurhosting.net/WATERMARKED-2/কনকতরী.jpg
20-2-008,টেরোরিস্ট,কাজী আনোয়ার হোসেন,40.0,,9,সেবা প্রকাশনী,2012.0,,Paperback,Bn,OLD,http://mdsalah.customerserver003003.eurhosting.net/WATERMARKED-2/টেরোরিস্ট.jpg
20-2-013,কমান্ডো মিশন,কাজী আনোয়ার হোসেন,40.0,,1,সেবা প্রকাশনী,2006.0,,Paperback,Bn,OLD,http://mdsalah.customerserver003003.eurhosting.net/WATERMARKED-2/কমান্ডো%20মিশন.jpg
20-2-017,অমানুষ,কাজী আনোয়ার হোসেন,40.0,,0,সেবা প্রকাশনী,2007.0,,Paperback,Bn,OLD,http://mdsalah.customerserver003003.eurhosting.net/WATERMARKED-2/অমানুষ.jpg
20-2-020,সর্পলতা,কাজী আনোয়ার হোসেন,40.0,,2,সেবা প্রকাশনী,2007.0,,Paperback,Bn,OLD,http://mdsalah.customerserver003003.eurhosting.net/WATERMARKED-2/সর্পলতা.jpg
20-2-022,সাত রাজার ধন,কাজী আনোয়ার হোসেন,40.0,,1,সেবা প্রকাশনী,1998.0,,Paperback,Bn,OLD,http://mdsalah.customerserver003003.eurhosting.net/WATERMARKED-2/সাত%20রাজার%20ধন.jpg
20-2-023,বুশ পাইলট,কাজী আনোয়ার হোসেন,40.0,,2,সেবা প্রকাশনী,2008.0,,Paperback,Bn,OLD,http://mdsalah.customerserver003003.eurhosting.net/WATERMARKED-2/বুশ%20পাইলট.jpg
20-2-024,মৃত্যুর টিকেট,কাজী আনোয়ার হোসেন,40.0,,2,সেবা প্রকাশনী,2010.0,,Paperback,Bn,OLD,http://mdsalah.customerserver003003.eurhosting.net/WATERMARKED-2/মৃত্যুর%20টিকেট.jpg
20-2-025,কুহেলি রাত,কাজী আনোয়ার হোসেন,40.0,,0,সেবা প্রকাশনী,2000.0,,Paperback,Bn,OLD,http://mdsalah.customerserver003003.eurhosting.net/WATERMARKED-2/কুহেলি%20রাত.jpg
20-2-026,ব্লাইন্ড মিশন,কাজী আনোয়ার হোসেন,40.0,,0,সেবা প্রকাশনী,2003.0,,Paperback,Bn,OLD,http://mdsalah.customerserver003003.eurhosting.net/WATERMARKED-2/ব্লাইন্ড%20মিশন.jpg
20-2-032,টার্গেট বাংলাদেশ,কাজী আনোয়ার হোসেন,40.0,,0,সেবা প্রকাশনী,1998.0,,Paperback,Bn,OLD,http://mdsalah.customerserver003003.eurhosting.net/WATERMARKED-2/টার্গেট%20বাংলাদেশ.jpg
20-2-033,রুদ্রঝড়,কাজী আনোয়ার হোসেন,40.0,,0,সেবা প্রকাশনী,,,Paperback,Bn,OLD,http://mdsalah.customerserver003003.eurhosting.net/WATERMARKED-2/রুদ্রঝড়.jpg
20-2-034,ক্যাসিনো আন্দামান,কাজী আনোয়ার হোসেন,40.0,,10,সেবা প্রকাশনী,2007.0,,Paperback,Bn,OLD,http://mdsalah.customerserver003003.eurhosting.net/WATERMARKED-2/ক্যাসিনো%20আন্দামান.jpg
20-2-035,ভাইরাস X-99,কাজী আনোয়ার হোসেন,40.0,,1,সেবা প্রকাশনী,,,Paperback,Bn,OLD,http://mdsalah.customerserver003003.eurhosting.net/WATERMARKED-2/ভাইরাস%20X-99.jpg
20-2-036,চীনে সঙ্কট,কাজী আনোয়ার হোসেন,40.0,,3,সেবা প্রকাশনী,2002.0,,Paperback,Bn,OLD,http://mdsalah.customerserver003003.eurhosting.net/WATERMARKED-2/চীনে%20সঙ্কট.jpg
20-2-040,শয়তানের উপাসক,কাজী আনোয়ার হোসেন,40.0,,2,সেবা প্রকাশনী,2003.0,,Paperback,Bn,OLD,http://mdsalah.customerserver003003.eurhosting.net/WATERMARKED-2/শয়তানের%20উপাসক.jpg
20-2-042,বেদুঈন কন্যা,কাজী আনোয়ার হোসেন,40.0,,0,সেবা প্রকাশনী,2007.0,,Paperback,Bn,OLD,http://mdsalah.customerserver003003.eurhosting.net/WATERMARKED-2/বেদুঈন%20কন্যা.jpg
20-2-044,আসছে সাইক্লোন,কাজী আনোয়ার হোসেন,40.0,,6,সেবা প্রকাশনী,2006.0,,Paperback,Bn,OLD,http://mdsalah.customerserver003003.eurhosting.net/WATERMARKED-2/আসছে%20সাইক্লোন.jpg
20-2-046,সাগর সঙ্গম,কাজী আনোয়ার হোসেন,50.0,,0,সেবা প্রকাশনী,1998.0,২খন্ড একত্রে,Paperback,Bn,OLD,http://mdsalah.customerserver003003.eurhosting.net/WATERMARKED-2/সাগর%20সঙ্গম.jpg
20-2-047,ব্ল্যাক স্পাইডার,কাজী আনোয়ার হোসেন,50.0,,1,সেবা প্রকাশনী,,২খন্ড একত্রে,Paperback,Bn,OLD,http://mdsalah.customerserver003003.eurhosting.net/WATERMARKED-2/ব্ল্যাক%20স্পাইডার.jpg
20-2-048,চাই সাম্রাজ্য,কাজী আনোয়ার হোসেন,50.0,,1,সেবা প্রকাশনী,2016.0,২খন্ড একত্রে,Paperback,Bn,OLD,http://mdsalah.customerserver003003.eurhosting.net/WATERMARKED-2/চাই%20সাম্রাজ্য.jpg
20-2-049,আরেক বারমুডা,কাজী আনোয়ার হোসেন,50.0,,1,সেবা প্রকাশনী,,২খন্ড একত্রে,Paperback,Bn,OLD,http://mdsalah.customerserver003003.eurhosting.net/WATERMARKED-2/আরেক%20বারমুডা.jpg
20-2-050,অন্ধ শিকারী,কাজী আনোয়ার হোসেন,50.0,,0,সেবা প্রকাশনী,,২খন্ড একত্রে,Paperback,Bn,OLD,http://mdsalah.customerserver003003.eurhosting.net/WATERMARKED-2/অন্ধ%20শিকারী.jpg
20-2-053,উদ্ধার,কাজী আনোয়ার হোসেন,50.0,,2,সেবা প্রকাশনী,1998.0,২খন্ড একত্রে,Paperback,Bn,OLD,http://mdsalah.customerserver003003.eurhosting.net/WATERMARKED-2/উদ্ধার.jpg
20-2-063,"আই লাভ ইউ,ম্যান",কাজী আনোয়ার হোসেন,60.0,,12,সেবা প্রকাশনী,1993.0,৩ খণ্ড একত্রে,Paperback,Bn,OLD,"http://mdsalah.customerserver003003.eurhosting.net/WATERMARKED-2/আই%20লাভ%20ইউ,ম্যান.jpg"
20-2-064,মৃত্যুশীতল স্পর্শ(১ম খন্ড),কাজী আনোয়ার হোসেন,40.0,,0,সেবা প্রকাশনী,,,Paperback,Bn,OLD,http://mdsalah.customerserver003003.eurhosting.net/WATERMARKED-2/মৃত্যুশীতল%20স্পর্শ(১ম%20খন্ড).jpg
20-2-066,অনন্ত যাত্রা(১ম খন্ড),কাজী আনোয়ার হোসেন,40.0,,0,সেবা প্রকাশনী,1997.0,,Paperback,Bn,OLD,http://mdsalah.customerserver003003.eurhosting.net/WATERMARKED-2/অনন্ত%20যাত্রা(১ম%20খন্ড).jpg
20-2-067,অনন্ত যাত্রা(২য় খন্ড),কাজী আনোয়ার হোসেন,40.0,,1,সেবা প্রকাশনী,1997.0,,Paperback,Bn,OLD,http://mdsalah.customerserver003003.eurhosting.net/WATERMARKED-2/অনন্ত%20যাত্রা(২য়%20খন্ড).jpg
20-2-068,সূর্য-সৈনিক(১ম খন্ড),কাজী আনোয়ার হোসেন,40.0,,5,সেবা প্রকাশনী,2012.0,,Paperback,Bn,OLD,http://mdsalah.customerserver003003.eurhosting.net/WATERMARKED-2/সূর্য-সৈনিক(১ম%20খন্ড).jpg
20-2-070,লাইমলাইট(১ম খন্ড),কাজী আনোয়ার হোসেন,40.0,,9,সেবা প্রকাশনী,2013.0,,Paperback,Bn,OLD,http://mdsalah.customerserver003003.eurhosting.net/WATERMARKED-2/লাইমলাইট(১ম%20খন্ড).jpg
20-2-071,লাইমলাইট(২য় খন্ড),কাজী আনোয়ার হোসেন,40.0,,6,সেবা প্রকাশনী,2013.0,,Paperback,Bn,OLD,http://mdsalah.customerserver003003.eurhosting.net/WATERMARKED-2/লাইমলাইট(২য়%20খন্ড).jpg
20-2-073,সাউদিয়া ১০৩(২য় খন্ড),কাজী আনোয়ার হোসেন,40.0,,2,সেবা প্রকাশনী,1996.0,,Paperback,Bn,OLD,http://mdsalah.customerserver003003.eurhosting.net/WATERMARKED-2/সাউদিয়া%20১০৩(২য়%20খন্ড).jpg
20-2-074,গুপ্ত সংকেত(১ম খন্ড),কাজী আনোয়ার হোসেন,40.0,,0,সেবা প্রকাশনী,2006.0,,Paperback,Bn,OLD,http://mdsalah.customerserver003003.eurhosting.net/WATERMARKED-2/গুপ্ত%20সংকেত(১ম%20খন্ড).jpg
20-2-075,গুপ্ত সংকেত(২য় খন্ড),কাজী আনোয়ার হোসেন,40.0,,6,সেবা প্রকাশনী,2006.0,,Paperback,Bn,OLD,http://mdsalah.customerserver003003.eurhosting.net/WATERMARKED-2/গুপ্ত%20সংকেত(২য়%20খন্ড).jpg
20-2-076,চাই ঐশ্বর্য(১ম খন্ড),কাজী আনোয়ার হোসেন,40.0,,4,সেবা প্রকাশনী,2009.0,,Paperback,Bn,OLD,http://mdsalah.customerserver003003.eurhosting.net/WATERMARKED-2/চাই%20ঐশ্বর্য(১ম%20খন্ড).jpg
20-2-077,চাই ঐশ্বর্য(২য় খন্ড),কাজী আনোয়ার হোসেন,40.0,,12,সেবা প্রকাশনী,2010.0,,Paperback,Bn,OLD,http://mdsalah.customerserver003003.eurhosting.net/WATERMARKED-2/চাই%20ঐশ্বর্য(২য়%20খন্ড).jpg
20-2-079,স্বর্ণ-বিপর্যয়(২য় খন্ড),কাজী আনোয়ার হোসেন,40.0,,8,সেবা প্রকাশনী,2010.0,,Paperback,Bn,OLD,http://mdsalah.customerserver003003.eurhosting.net/WATERMARKED-2/স্বর্ণ-বিপর্যয়(২য়%20খন্ড).jpg
20-2-080,স্বর্ণ-বিপর্যয়,কাজী আনোয়ার হোসেন,50.0,,2,সেবা প্রকাশনী,2011.0,২খন্ড একত্রে,Paperback,Bn,OLD,http://mdsalah.customerserver003003.eurhosting.net/WATERMARKED-2/স্বর্ণ-বিপর্যয়.jpg
20-2-082,স্নাইপার(১ম খন্ড),কাজী আনোয়ার হোসেন,40.0,,6,সেবা প্রকাশনী,2007.0,,Paperback,Bn,OLD,http://mdsalah.customerserver003003.eurhosting.net/WATERMARKED-2/স্নাইপার(১ম%20খন্ড).jpg
20-2-083,স্নাইপার(২য় খন্ড),কাজী আনোয়ার হোসেন,40.0,,2,সেবা প্রকাশনী,2007.0,,Paperback,Bn,OLD,http://mdsalah.customerserver003003.eurhosting.net/WATERMARKED-2/স্নাইপার(২য়%20খন্ড).jpg
20-2-088-1,অপচ্ছায়া,কাজী আনোয়ার হোসেন,50.0,,3,সেবা প্রকাশনী,1995.0,দুইখন্ড একত্রে,Paperback,Bn,OLD,http://mdsalah.customerserver003003.eurhosting.net/WATERMARKED-2/অপচ্ছায়া.jpg
20-2-088-2,টপ সিক্রেট(১ম খন্ড),কাজী আনোয়ার হোসেন,40.0,,1,সেবা প্রকাশনী,2003.0,,Paperback,Bn,OLD,http://mdsalah.customerserver003003.eurhosting.net/WATERMARKED-2/টপ%20সিক্রেট(১ম%20খন্ড).jpg
20-2-090,গুপ্তহত্যা / তিন শত্রু,কাজী আনোয়ার হোসেন,50.0,,1,সেবা প্রকাশনী,1998.0,দুটি বই একসাথে,Paperback,Bn,OLD,http://mdsalah.customerserver003003.eurhosting.net/WATERMARKED-2/গুপ্তহত্যা%20%20তিন%20শত্রু.jpg
20-2-091,রুদ্রঝড় / অগ্নিবাণ,কাজী আনোয়ার হোসেন,50.0,,0,সেবা প্রকাশনী,2004.0,দুটি বই একসাথে,Paperback,Bn,OLD,http://mdsalah.customerserver003003.eurhosting.net/WATERMARKED-2/রুদ্রঝড়%20%20অগ্নিবাণ.jpg
20-2-092,অন্ধ আক্রোশ / মরুকন্যা,কাজী আনোয়ার হোসেন,50.0,,0,সেবা প্রকাশনী,,দুটি বই একসাথে,Paperback,Bn,OLD,http://mdsalah.customerserver003003.eurhosting.net/WATERMARKED-2/অন্ধ%20আক্রোশ%20%20মরুকন্যা.jpg
20-2-095,শয়তানের ঘাটি / আক্রান্ত দূতাবাস,কাজী আনোয়ার হোসেন,50.0,,9,সেবা প্রকাশনী,2000.0,দুটি বই একসাথে,Paperback,Bn,OLD,http://mdsalah.customerserver003003.eurhosting.net/WATERMARKED-2/শয়তানের%20ঘাটি%20%20আক্রান্ত%20দূতাবাস.jpg
20-2-096,সন্ন্যাসিনী / পাশের কামরা,কাজী আনোয়ার হোসেন,50.0,,0,সেবা প্রকাশনী,1981.0,দুটি বই একসাথে,Paperback,Bn,OLD,http://mdsalah.customerserver003003.eurhosting.net/WATERMARKED-2/সন্ন্যাসিনী%20%20পাশের%20কামরা.jpg
20-2-102,ধ্বংস পাহাড়/ ভারতনাট্যম / স্বর্ণমৃগ (ভলিউম-১),কাজী আনোয়ার হোসেন,60.0,,15,সেবা প্রকাশনী,2013.0,তিনটি বই একসাথে,Paperback,Bn,OLD,http://mdsalah.customerserver003003.eurhosting.net/WATERMARKED-2/ধ্বংস%20পাহাড়%20ভারতনাট্যম%20%20স্বর্ণমৃগ%20(ভলিউম-১).jpg
20-2-103,শ্বেত সন্ত্রাস,কাজী আনোয়ার হোসেন,50.0,,0,সেবা প্রকাশনী,2001.0,২খন্ড একত্রে,Paperback,Bn,OLD,http://mdsalah.customerserver003003.eurhosting.net/WATERMARKED-2/শ্বেত%20সন্ত্রাস.jpg
20-2-109,নীলছবি,কাজী আনোয়ার হোসেন,50.0,,0,সেবা প্রকাশনী,1997.0,২খন্ড একত্রে,Paperback,Bn,OLD,http://mdsalah.customerserver003003.eurhosting.net/WATERMARKED-2/নীলছবি.jpg
20-2-112,নীল বজ্র (১ম খন্ড),কাজী আনোয়ার হোসেন,40.0,,3,সেবা প্রকাশনী,1996.0,,Paperback,Bn,OLD,http://mdsalah.customerserver003003.eurhosting.net/WATERMARKED-2/নীল%20বজ্র%20(১ম%20খন্ড).jpg
20-2-118,হারানো আটলান্টিস(১ম খন্ড),কাজী আনোয়ার হোসেন,40.0,,2,সেবা প্রকাশনী,2005.0,,Paperback,Bn,OLD,http://mdsalah.customerserver003003.eurhosting.net/WATERMARKED-2/হারানো%20আটলান্টিস(১ম%20খন্ড).jpg
20-2-123,মৃত্যুর প্রতিনিধি(১ম খন্ড),কাজী আনোয়ার হোসেন,40.0,,3,সেবা প্রকাশনী,1996.0,,Paperback,Bn,OLD,http://mdsalah.customerserver003003.eurhosting.net/WATERMARKED-2/মৃত্যুর%20প্রতিনিধি(১ম%20খন্ড).jpg
20-2-125,ট্রেজার হান্টার(১ম খন্ড),কাজী আনোয়ার হোসেন,40.0,,9,সেবা প্রকাশনী,2013.0,,Paperback,Bn,OLD,http://mdsalah.customerserver003003.eurhosting.net/WATERMARKED-2/ট্রেজার%20হান্টার(১ম%20খন্ড).jpg
20-2-127,মহাপ্রলয়,কাজী আনোয়ার হোসেন,40.0,,1,সেবা প্রকাশনী,1998.0,,Paperback,Bn,OLD,http://mdsalah.customerserver003003.eurhosting.net/WATERMARKED-2/মহাপ্রলয়.jpg
20-2-128,মাফিয়া,কাজী আনোয়ার হোসেন,40.0,,8,সেবা প্রকাশনী,1998.0,,Paperback,Bn,OLD,http://mdsalah.customerserver003003.eurhosting.net/WATERMARKED-2/মাফিয়া.jpg
20-2-130,শয়তানের দ্বীপ/বেদুঈন কন্যা,কাজী আনোয়ার হোসেন,50.0,,0,সেবা প্রকাশনী,2008.0,দুটি বই একসাথে,Paperback,Bn,OLD,http://mdsalah.customerserver003003.eurhosting.net/WATERMARKED-2/শয়তানের%20দ্বীপবেদুঈন%20কন্যা.jpg
20-2-134,মেজর রাহাত,কাজী আনোয়ার হোসেন,50.0,,0,সেবা প্রকাশনী,1997.0,দুইখন্ড একত্রে,Paperback,Bn,OLD,http://mdsalah.customerserver003003.eurhosting.net/WATERMARKED-2/মেজর%20রাহাত.jpg
20-2-136,রুদ্রঝড়,কাজী আনোয়ার হোসেন,40.0,,3,সেবা প্রকাশনী,2000.0,,Paperback,Bn,OLD,http://mdsalah.customerserver003003.eurhosting.net/WATERMARKED-2/রুদ্রঝড়.jpg
20-2-138,শেষ হাসি (১ম খন্ড ),কাজী আনোয়ার হোসেন,40.0,,1,সেবা প্রকাশনী,2006.0,১ম খন্ড,Paperback,Bn,OLD,http://mdsalah.customerserver003003.eurhosting.net/WATERMARKED-2/শেষ%20হাসি%20(১ম%20খন্ড%20).jpg
20-2-139,শেষ হাসি (২য় খন্ড),কাজী আনোয়ার হোসেন,40.0,,10,সেবা প্রকাশনী,2006.0,২য় খন্ড,Paperback,Bn,OLD,http://mdsalah.customerserver003003.eurhosting.net/WATERMARKED-2/শেষ%20হাসি%20(২য়%20খন্ড).jpg
20-2-142,আমি সোহানা,কাজী আনোয়ার হোসেন,50.0,,8,সেবা প্রকাশনী,1998.0,দুইখন্ড একত্রে,Paperback,Bn,OLD,http://mdsalah.customerserver003003.eurhosting.net/WATERMARKED-2/আমি%20সোহানা.jpg
20-2-144-1,আকস্মাৎ সীমান্ত(১ম খণ্ড),কাজী আনোয়ার হোসেন,40.0,,0,সেবা প্রকাশনী,2000.0,,Paperback,Bn,OLD,http://mdsalah.customerserver003003.eurhosting.net/WATERMARKED-2/আকস্মাৎ%20সীমান্ত(১ম%20খণ্ড).jpg
20-2-149,খুনে মাফিয়া/বুশ পাইলট,কাজী আনোয়ার হোসেন,50.0,,0,সেবা প্রকাশনী,2010.0,দুইখন্ড একত্রে,Paperback,Bn,OLD,http://mdsalah.customerserver003003.eurhosting.net/WATERMARKED-2/খুনে%20মাফিয়াবুশ%20পাইলট.jpg
20-2-150,অপারেশন ইজরাইল,কাজী আনোয়ার হোসেন,40.0,,0,সেবা প্রকাশনী,,,Paperback,Bn,OLD,http://mdsalah.customerserver003003.eurhosting.net/WATERMARKED-2/অপারেশন%20ইজরাইল.jpg
20-2-151,সর্বনাশের দূত (১ম খন্ড),কাজী আনোয়ার হোসেন,40.0,,12,সেবা প্রকাশনী,2012.0,,Paperback,Bn,OLD,http://mdsalah.customerserver003003.eurhosting.net/WATERMARKED-2/সর্বনাশের%20দূত%20(১ম%20খন্ড).jpg
20-2-157,আরেক গডফাদার,কাজী আনোয়ার হোসেন,40.0,,3,সেবা প্রকাশনী,2004.0,,Paperback,Bn,OLD,http://mdsalah.customerserver003003.eurhosting.net/WATERMARKED-2/আরেক%20গডফাদার.jpg
20-2-160,অগ্নিপুরুষ,কাজী আনোয়ার হোসেন,50.0,,18,সেবা প্রকাশনী,1995.0,দুইখন্ড একত্রে,Paperback,Bn,OLD,http://mdsalah.customerserver003003.eurhosting.net/WATERMARKED-2/অগ্নিপুরুষ.jpg
20-2-161,এখনও ষড়যন্ত্র/প্রমান কই,কাজী আনোয়ার হোসেন,50.0,,1,সেবা প্রকাশনী,1998.0,দুইটি বই একত্রে,Paperback,Bn,OLD,http://mdsalah.customerserver003003.eurhosting.net/WATERMARKED-2/এখনও%20ষড়যন্ত্রপ্রমান%20কই.jpg
20-2-162,সাগর কন্যা,কাজী আনোয়ার হোসেন,50.0,,2,সেবা প্রকাশনী,1998.0,দুইখন্ড একত্রে,Paperback,Bn,OLD,http://mdsalah.customerserver003003.eurhosting.net/WATERMARKED-2/সাগর%20কন্যা.jpg
20-2-165,আগুন নিয়ে খেলা(১ম খণ্ড),কাজী আনোয়ার হোসেন,40.0,,13,সেবা প্রকাশনী,2011.0,,Paperback,Bn,OLD,http://mdsalah.customerserver003003.eurhosting.net/WATERMARKED-2/আগুন%20নিয়ে%20খেলা(১ম%20খণ্ড).jpg
20-2-167,কিলার ভাইরাস (১ম খন্ড),কাজী আনোয়ার হোসেন,40.0,,8,সেবা প্রকাশনী,2013.0,,Paperback,Bn,OLD,http://mdsalah.customerserver003003.eurhosting.net/WATERMARKED-2/কিলার%20ভাইরাস%20(১ম%20খন্ড).jpg
20-2-168,কিলার ভাইরাস (২য় খন্ড),কাজী আনোয়ার হোসেন,40.0,,10,সেবা প্রকাশনী,2013.0,,Paperback,Bn,OLD,http://mdsalah.customerserver003003.eurhosting.net/WATERMARKED-2/কিলার%20ভাইরাস%20(২য়%20খন্ড).jpg
20-2-170,নরকের কীট (২য় খন্ড),কাজী আনোয়ার হোসেন,40.0,,1,সেবা প্রকাশনী,2015.0,,Paperback,Bn,OLD,http://mdsalah.customerserver003003.eurhosting.net/WATERMARKED-2/নরকের%20কীট%20(২য়%20খন্ড).jpg
20-2-173,সংকেত,কাজী আনোয়ার হোসেন,60.0,,1,সেবা প্রকাশনী,1998.0,তিনখন্ড একত্রে,Paperback,Bn,OLD,http://mdsalah.customerserver003003.eurhosting.net/WATERMARKED-2/সংকেত.jpg
20-2-175,বড় ক্ষুধা (২য় খন্ড),কাজী আনোয়ার হোসেন,40.0,,2,সেবা প্রকাশনী,1995.0,,Paperback,Bn,OLD,http://mdsalah.customerserver003003.eurhosting.net/WATERMARKED-2/বড়%20ক্ষুধা%20(২য়%20খন্ড).jpg
20-2-179,চরসদ্বীপ,কাজী আনোয়ার হোসেন,40.0,,6,সেবা প্রকাশনী,2002.0,,Paperback,Bn,OLD,http://mdsalah.customerserver003003.eurhosting.net/WATERMARKED-2/চরসদ্বীপ.jpg
20-2-180,আবার উ সেন,কাজী আনোয়ার হোসেন,50.0,,1,সেবা প্রকাশনী,2002.0,দুইখন্ড একত্রে,Paperback,Bn,OLD,http://mdsalah.customerserver003003.eurhosting.net/WATERMARKED-2/আবার%20উ%20সেন.jpg
20-2-182,ক্লাইম্বার,কাজী আনোয়ার হোসেন,40.0,,13,সেবা প্রকাশনী,2011.0,,Paperback,Bn,OLD,http://mdsalah.customerserver003003.eurhosting.net/WATERMARKED-2/ক্লাইম্বার.jpg
20-2-183,মরণযাত্রা,কাজী আনোয়ার হোসেন,40.0,,1,সেবা প্রকাশনী,1999.0,,Paperback,Bn,OLD,http://mdsalah.customerserver003003.eurhosting.net/WATERMARKED-2/মরণযাত্রা.jpg
20-2-185,বোস্টন জ্বলছে,কাজী আনোয়ার হোসেন,40.0,,2,সেবা প্রকাশনী,2000.0,,Paperback,Bn,OLD,http://mdsalah.customerserver003003.eurhosting.net/WATERMARKED-2/বোস্টন%20জ্বলছে.jpg
20-2-188,অচেনা বন্দর (১ম খন্ড),কাজী আনোয়ার হোসেন,40.0,,4,সেবা প্রকাশনী,2009.0,,Paperback,Bn,OLD,http://mdsalah.customerserver003003.eurhosting.net/WATERMARKED-2/অচেনা%20বন্দর%20(১ম%20খন্ড).jpg
20-2-190,সেই কুয়াশা (১ম খন্ড),কাজী আনোয়ার হোসেন,40.0,,13,সেবা প্রকাশনী,2011.0,,Paperback,Bn,OLD,http://mdsalah.customerserver003003.eurhosting.net/WATERMARKED-2/সেই%20কুয়াশা%20(১ম%20খন্ড).jpg
20-2-192,বিদায় রানা,কাজী আনোয়ার হোসেন,60.0,,0,সেবা প্রকাশনী,1998.0,তিনখন্ড একত্রে,Paperback,Bn,OLD,http://mdsalah.customerserver003003.eurhosting.net/WATERMARKED-2/বিদায়%20রানা.jpg
20-2-195,হ্যাকার (১ম খন্ড),কাজী আনোয়ার হোসেন,40.0,,0,সেবা প্রকাশনী,2008.0,,Paperback,Bn,OLD,http://mdsalah.customerserver003003.eurhosting.net/WATERMARKED-2/হ্যাকার%20(১ম%20খন্ড).jpg
20-2-196,হ্যাকার(২য় খণ্ড),কাজী আনোয়ার হোসেন,40.0,,10,সেবা প্রকাশনী,2008.0,,Paperback,Bn,OLD,http://mdsalah.customerserver003003.eurhosting.net/WATERMARKED-2/হ্যাকার(২য়%20খণ্ড).jpg
20-2-197,সুমেরুর ডাক(১ম খন্ড),কাজী আনোয়ার হোসেন,40.0,,0,সেবা প্রকাশনী,2004.0,,Paperback,Bn,OLD,http://mdsalah.customerserver003003.eurhosting.net/WATERMARKED-2/সুমেরুর%20ডাক(১ম%20খন্ড).jpg
20-2-198,সুমেরুর ডাক(২য় খন্ড),কাজী আনোয়ার হোসেন,40.0,,1,সেবা প্রকাশনী,2004.0,,Paperback,Bn,OLD,http://mdsalah.customerserver003003.eurhosting.net/WATERMARKED-2/সুমেরুর%20ডাক(২য়%20খন্ড).jpg
20-2-202,প্রেতাত্মা,কাজী আনোয়ার হোসেন,50.0,,0,সেবা প্রকাশনী,2004.0,দুইখন্ড একত্রে,Paperback,Bn,OLD,http://mdsalah.customerserver003003.eurhosting.net/WATERMARKED-2/প্রেতাত্মা.jpg
20-2-203,ইশকাপনের টেক্কা,কাজী আনোয়ার হোসেন,40.0,,1,সেবা প্রকাশনী,2005.0,,Paperback,Bn,OLD,http://mdsalah.customerserver003003.eurhosting.net/WATERMARKED-2/ইশকাপনের%20টেক্কা.jpg
20-2-206,স্বপ্নের ভালবাসা/নিখোঁজ,কাজী আনোয়ার হোসেন,50.0,,7,সেবা প্রকাশনী,2009.0,দুটি বই একত্রে,Paperback,Bn,OLD,http://mdsalah.customerserver003003.eurhosting.net/WATERMARKED-2/স্বপ্নের%20ভালবাসানিখোঁজ.jpg
20-2-207,স্বপ্নের ভালোবাসা/খুনে পিশাচ/বিদেশি বৈজ্ঞানিক,কাজী আনোয়ার হোসেন,60.0,,1,সেবা প্রকাশনী,2008.0,তিনটি বই একত্রে,Paperback,Bn,OLD,http://mdsalah.customerserver003003.eurhosting.net/WATERMARKED-2/স্বপ্নের%20ভালোবাসাখুনে%20পিশাচবিদেশি%20বৈজ্ঞানিক.jpg
20-2-208,জাপানী ফ্যানাটিক,কাজী আনোয়ার হোসেন,60.0,,0,সেবা প্রকাশনী,1998.0,তিনখন্ড একত্রে,Paperback,Bn,OLD,http://mdsalah.customerserver003003.eurhosting.net/WATERMARKED-2/জাপানী%20ফ্যানাটিক.jpg
20-2-209,সিক্রেট এজেন্ট,কাজী আনোয়ার হোসেন,40.0,,0,সেবা প্রকাশনী,2002.0,,Paperback,Bn,OLD,http://mdsalah.customerserver003003.eurhosting.net/WATERMARKED-2/সিক্রেট%20এজেন্ট.jpg
20-2-210,অরক্ষিত জলসীমা,কাজী আনোয়ার হোসেন,40.0,,9,সেবা প্রকাশনী,2007.0,,Paperback,Bn,OLD,http://mdsalah.customerserver003003.eurhosting.net/WATERMARKED-2/অরক্ষিত%20জলসীমা.jpg
20-2-214,দেশপ্রেম,কাজী আনোয়ার হোসেন,40.0,,3,সেবা প্রকাশনী,2001.0,,Paperback,Bn,OLD,http://mdsalah.customerserver003003.eurhosting.net/WATERMARKED-2/দেশপ্রেম.jpg
20-2-216,মায়ান ট্রেজার,কাজী আনোয়ার হোসেন,40.0,,5,সেবা প্রকাশনী,1999.0,,Paperback,Bn,OLD,http://mdsalah.customerserver003003.eurhosting.net/WATERMARKED-2/মায়ান%20ট্রেজার.jpg
20-2-217,অশুভ প্রহর,কাজী আনোয়ার হোসেন,40.0,,5,সেবা প্রকাশনী,2003.0,,Paperback,Bn,OLD,http://mdsalah.customerserver003003.eurhosting.net/WATERMARKED-2/অশুভ%20প্রহর.jpg
20-2-218,বিষ নিঃশ্বাস,কাজী আনোয়ার হোসেন,50.0,,3,সেবা প্রকাশনী,1997.0,দুইখন্ড একত্রে,Paperback,Bn,OLD,http://mdsalah.customerserver003003.eurhosting.net/WATERMARKED-2/বিষ%20নিঃশ্বাস.jpg
20-2-219,যুদ্ধবাজ,কাজী আনোয়ার হোসেন,40.0,,3,সেবা প্রকাশনী,1998.0,,Paperback,Bn,OLD,http://mdsalah.customerserver003003.eurhosting.net/WATERMARKED-2/যুদ্ধবাজ.jpg
20-2-220,জুয়াড়ী,কাজী আনোয়ার হোসেন,50.0,,3,সেবা প্রকাশনী,2002.0,দুইখন্ড একত্রে,Paperback,Bn,OLD,http://mdsalah.customerserver003003.eurhosting.net/WATERMARKED-2/জুয়াড়ী.jpg
20-2-221,রেড ড্রাগন,কাজী আনোয়ার হোসেন,40.0,,2,সেবা প্রকাশনী,2005.0,,Paperback,Bn,OLD,http://mdsalah.customerserver003003.eurhosting.net/WATERMARKED-2/রেড%20ড্রাগন.jpg
20-2-229,কুরুক্ষেত্র(১ম খন্ড),কাজী আনোয়ার হোসেন,40.0,,11,সেবা প্রকাশনী,2010.0,,Paperback,Bn,OLD,http://mdsalah.customerserver003003.eurhosting.net/WATERMARKED-2/কুরুক্ষেত্র(১ম%20খন্ড).jpg
20-2-230,কুরুক্ষেত্র(২য় খন্ড),কাজী আনোয়ার হোসেন,40.0,,17,সেবা প্রকাশনী,2010.0,,Paperback,Bn,OLD,http://mdsalah.customerserver003003.eurhosting.net/WATERMARKED-2/কুরুক্ষেত্র(২য়%20খন্ড).jpg
20-2-231,গোপন শত্রু,কাজী আনোয়ার হোসেন,40.0,,6,সেবা প্রকাশনী,2002.0,,Paperback,Bn,OLD,http://mdsalah.customerserver003003.eurhosting.net/WATERMARKED-2/গোপন%20শত্রু.jpg
20-2-232,মিশন তেল আবিব,কাজী আনোয়ার হোসেন,40.0,,0,সেবা প্রকাশনী,2004.0,,Paperback,Bn,OLD,http://mdsalah.customerserver003003.eurhosting.net/WATERMARKED-2/মিশন%20তেল%20আবিব.jpg
20-2-233,জাত গোক্ষুর,কাজী আনোয়ার হোসেন,40.0,,3,সেবা প্রকাশনী,2002.0,,Paperback,Bn,OLD,http://mdsalah.customerserver003003.eurhosting.net/WATERMARKED-2/জাত%20গোক্ষুর.jpg
20-2-234,অন্ধকারের বন্ধু,কাজী আনোয়ার হোসেন,40.0,,2,সেবা প্রকাশনী,2004.0,,Paperback,Bn,OLD,http://mdsalah.customerserver003003.eurhosting.net/WATERMARKED-2/অন্ধকারের%20বন্ধু.jpg
20-2-236,অন্ধকারে চিতা,কাজী আনোয়ার হোসেন,50.0,,2,সেবা প্রকাশনী,1998.0,দুইখন্ড একত্রে,Paperback,Bn,OLD,http://mdsalah.customerserver003003.eurhosting.net/WATERMARKED-2/অন্ধকারে%20চিতা.jpg
20-2-237,কালনাগিনী,কাজী আনোয়ার হোসেন,40.0,,1,সেবা প্রকাশনী,2005.0,,Paperback,Bn,OLD,http://mdsalah.customerserver003003.eurhosting.net/WATERMARKED-2/কালনাগিনী.jpg
20-2-238,বেনামী বন্দর,কাজী আনোয়ার হোসেন,50.0,,5,সেবা প্রকাশনী,1997.0,দুইখন্ড একত্রে,Paperback,Bn,OLD,http://mdsalah.customerserver003003.eurhosting.net/WATERMARKED-2/বেনামী%20বন্দর.jpg
20-2-240,রক্তপিপাসা(২য় খন্ড),কাজী আনোয়ার হোসেন,40.0,,4,সেবা প্রকাশনী,1995.0,,Paperback,Bn,OLD,http://mdsalah.customerserver003003.eurhosting.net/WATERMARKED-2/রক্তপিপাসা(২য়%20খন্ড).jpg
20-2-240S,রক্তপিপাসা(৩য় খন্ড),কাজী আনোয়ার হোসেন,40.0,,2,সেবা প্রকাশনী,1995.0,,Paperback,Bn,OLD,http://mdsalah.customerserver003003.eurhosting.net/WATERMARKED-2/রক্তপিপাসা(৩য়%20খন্ড).jpg
20-2-241,পাশবিক(১ম খন্ড),কাজী আনোয়ার হোসেন,40.0,,1,সেবা প্রকাশনী,2015.0,,Paperback,Bn,OLD,http://mdsalah.customerserver003003.eurhosting.net/WATERMARKED-2/পাশবিক(১ম%20খন্ড).jpg
20-2-243,পপি/বুমেরাং,কাজী আনোয়ার হোসেন,50.0,,1,সেবা প্রকাশনী,1998.0,দুটি বই একত্রে,Paperback,Bn,OLD,http://mdsalah.customerserver003003.eurhosting.net/WATERMARKED-2/পপিবুমেরাং.jpg
20-2-244,ব্যর্থ মিশন(১ম খন্ড),কাজী আনোয়ার হোসেন,40.0,,0,সেবা প্রকাশনী,1995.0,,Paperback,Bn,OLD,http://mdsalah.customerserver003003.eurhosting.net/WATERMARKED-2/ব্যর্থ%20মিশন(১ম%20খন্ড).jpg
20-2-245,ব্যর্থ মিশন(২য় খন্ড),কাজী আনোয়ার হোসেন,40.0,,5,সেবা প্রকাশনী,1996.0,,Paperback,Bn,OLD,http://mdsalah.customerserver003003.eurhosting.net/WATERMARKED-2/ব্যর্থ%20মিশন(২য়%20খন্ড).jpg
20-2-252,শত্রু ভয়ঙ্কর,কাজী আনোয়ার হোসেন,40.0,,0,সেবা প্রকাশনী,1998.0,,Paperback,Bn,OLD,http://mdsalah.customerserver003003.eurhosting.net/WATERMARKED-2/শত্রু%20ভয়ঙ্কর.jpg
20-2-256,ব্যর্থ মিশন,কাজী আনোয়ার হোসেন,50.0,,3,সেবা প্রকাশনী,1998.0,দুইখন্ড একত্রে,Paperback,Bn,OLD,http://mdsalah.customerserver003003.eurhosting.net/WATERMARKED-2/ব্যর্থ%20মিশন.jpg
20-2-257,অন্তর্ধান,কাজী আনোয়ার হোসেন,50.0,,4,সেবা প্রকাশনী,2010.0,দুইখন্ড একত্রে,Paperback,Bn,OLD,http://mdsalah.customerserver003003.eurhosting.net/WATERMARKED-2/অন্তর্ধান.jpg
20-2-258,রক্তচোষা/সাত রাজার ধন,কাজী আনোয়ার হোসেন,50.0,,5,সেবা প্রকাশনী,1999.0,দুটি বই একত্রে,Paperback,Bn,OLD,http://mdsalah.customerserver003003.eurhosting.net/WATERMARKED-2/রক্তচোষাসাত%20রাজার%20ধন.jpg
20-2-259,কালো ফাইল,কাজী আনোয়ার হোসেন,60.0,,0,সেবা প্রকাশনী,2005.0,তিনখন্ড একত্রে,Paperback,Bn,OLD,http://mdsalah.customerserver003003.eurhosting.net/WATERMARKED-2/কালো%20ফাইল.jpg
20-2-264,কালো ছাায়া(২য় খন্ড),কাজী আনোয়ার হোসেন,40.0,,1,সেবা প্রকাশনী,1995.0,,Paperback,Bn,OLD,http://mdsalah.customerserver003003.eurhosting.net/WATERMARKED-2/কালো%20ছাায়া(২য়%20খন্ড).jpg
20-2-265,প্রিন্সেস হিয়া(১ম খন্ড),কাজী আনোয়ার হোসেন,40.0,,1,সেবা প্রকাশনী,1998.0,,Paperback,Bn,OLD,http://mdsalah.customerserver003003.eurhosting.net/WATERMARKED-2/প্রিন্সেস%20হিয়া(১ম%20খন্ড).jpg
20-2-267,গ্রাস,কাজী আনোয়ার হোসেন,50.0,,0,সেবা প্রকাশনী,2004.0,দুইখন্ড একত্রে,Paperback,Bn,OLD,http://mdsalah.customerserver003003.eurhosting.net/WATERMARKED-2/গ্রাস.jpg
20-2-268,কালপুরুষ(১ম খন্ড),কাজী আনোয়ার হোসেন,40.0,,2,সেবা প্রকাশনী,1996.0,,Paperback,Bn,OLD,http://mdsalah.customerserver003003.eurhosting.net/WATERMARKED-2/কালপুরুষ(১ম%20খন্ড).jpg
20-2-271,স্বর্ণসঙ্কট,কাজী আনোয়ার হোসেন,50.0,,1,সেবা প্রকাশনী,1998.0,দুইখন্ড একত্রে,Paperback,Bn,OLD,http://mdsalah.customerserver003003.eurhosting.net/WATERMARKED-2/স্বর্ণসঙ্কট.jpg
20-2-278,তিক্ত অবকাশ(১ম খন্ড),কাজী আনোয়ার হোসেন,40.0,,1,সেবা প্রকাশনী,1992.0,,Paperback,Bn,OLD,http://mdsalah.customerserver003003.eurhosting.net/WATERMARKED-2/তিক্ত%20অবকাশ(১ম%20খন্ড).jpg
20-2-282,বাউন্টি হান্টার্স(১ম খন্ড),কাজী আনোয়ার হোসেন,40.0,,5,সেবা প্রকাশনী,2014.0,,Paperback,Bn,OLD,http://mdsalah.customerserver003003.eurhosting.net/WATERMARKED-2/বাউন্টি%20হান্টার্স(১ম%20খন্ড).jpg
20-2-283,বাউন্টি হান্টার্স(২য় খন্ড),কাজী আনোয়ার হোসেন,40.0,,2,সেবা প্রকাশনী,2014.0,,Paperback,Bn,OLD,http://mdsalah.customerserver003003.eurhosting.net/WATERMARKED-2/বাউন্টি%20হান্টার্স(২য়%20খন্ড).jpg
20-2-284,কে কেন কিভাবে/কুচক্র,কাজী আনোয়ার হোসেন,50.0,,0,সেবা প্রকাশনী,1999.0,দুটি বই একত্রে,Paperback,Bn,OLD,http://mdsalah.customerserver003003.eurhosting.net/WATERMARKED-2/কে%20কেন%20কিভাবেকুচক্র.jpg
20-2-285,গুপ্ত আততায়ী(১ম খন্ড),কাজী আনোয়ার হোসেন,40.0,,14,সেবা প্রকাশনী,2009.0,,Paperback,Bn,OLD,http://mdsalah.customerserver003003.eurhosting.net/WATERMARKED-2/গুপ্ত%20আততায়ী(১ম%20খন্ড).jpg
20-2-286,গুপ্ত আততায়ী(২য় খন্ড),কাজী আনোয়ার হোসেন,40.0,,9,সেবা প্রকাশনী,2009.0,,Paperback,Bn,OLD,http://mdsalah.customerserver003003.eurhosting.net/WATERMARKED-2/গুপ্ত%20আততায়ী(২য়%20খন্ড).jpg
20-2-287,অপহরণ,কাজী আনোয়ার হোসেন,50.0,,1,সেবা প্রকাশনী,1987.0,দুইখন্ড একত্রে,Paperback,Bn,OLD,http://mdsalah.customerserver003003.eurhosting.net/WATERMARKED-2/অপহরণ.jpg
20-2-291,কালো ফাইল(১ম খন্ড),কাজী আনোয়ার হোসেন,40.0,,0,সেবা প্রকাশনী,1997.0,,Paperback,Bn,OLD,http://mdsalah.customerserver003003.eurhosting.net/WATERMARKED-2/কালো%20ফাইল(১ম%20খন্ড).jpg
20-2-294,দেশপ্রেম/রক্তলালসা,কাজী আনোয়ার হোসেন,50.0,,0,সেবা প্রকাশনী,2007.0,দুইটি বই একত্রে,Paperback,Bn,OLD,http://mdsalah.customerserver003003.eurhosting.net/WATERMARKED-2/দেশপ্রেমরক্তলালসা.jpg
20-2-296,রিপোর্টার,কাজী আনোয়ার হোসেন,50.0,,0,সেবা প্রকাশনী,2000.0,দুইখন্ড একত্রে,Paperback,Bn,OLD,http://mdsalah.customerserver003003.eurhosting.net/WATERMARKED-2/রিপোর্টার.jpg
20-2-297,আক্রমণ,কাজী আনোয়ার হোসেন,50.0,,1,সেবা প্রকাশনী,1993.0,দুইখন্ড একত্রে,Paperback,Bn,OLD,http://mdsalah.customerserver003003.eurhosting.net/WATERMARKED-2/আক্রমণ.jpg
20-2-298,দূর্গমগিরি,কাজী আনোয়ার হোসেন,40.0,,0,সেবা প্রকাশনী,2009.0,,Paperback,Bn,OLD,http://mdsalah.customerserver003003.eurhosting.net/WATERMARKED-2/দূর্গমগিরি.jpg
20-2-303,পার্শিয়ান ট্রেজার-১,কাজী আনোয়ার হোসেন,40.0,,5,সেবা প্রকাশনী,2014.0,,Paperback,Bn,OLD,http://mdsalah.customerserver003003.eurhosting.net/WATERMARKED-2/পার্শিয়ান%20ট্রেজার-১.jpg
20-2-304,পার্শিয়ান ট্রেজার-২,কাজী আনোয়ার হোসেন,40.0,,6,সেবা প্রকাশনী,2014.0,,Paperback,Bn,OLD,http://mdsalah.customerserver003003.eurhosting.net/WATERMARKED-2/পার্শিয়ান%20ট্রেজার-২.jpg
20-2-305,অ্যামবুশ,কাজী আনোয়ার হোসেন,50.0,,1,সেবা প্রকাশনী,1998.0,দুইখন্ড একত্রে,Paperback,Bn,OLD,http://mdsalah.customerserver003003.eurhosting.net/WATERMARKED-2/অ্যামবুশ.jpg
20-2-306,বিপর্যয়,কাজী আনোয়ার হোসেন,50.0,,0,সেবা প্রকাশনী,1998.0,দুইখন্ড একত্রে,Paperback,Bn,OLD,http://mdsalah.customerserver003003.eurhosting.net/WATERMARKED-2/বিপর্যয়.jpg
20-2-308,কিল-মাস্টার/মৃত্যুর টিকেট,কাজী আনোয়ার হোসেন,50.0,,0,সেবা প্রকাশনী,2011.0,দুইটি বই একত্রে,Paperback,Bn,OLD,http://mdsalah.customerserver003003.eurhosting.net/WATERMARKED-2/কিল-মাস্টারমৃত্যুর%20টিকেট.jpg
20-2-309,বন্ধু/চ্যালেঞ্জ,কাজী আনোয়ার হোসেন,50.0,,3,সেবা প্রকাশনী,1998.0,দুইটি বই একত্রে,Paperback,Bn,OLD,http://mdsalah.customerserver003003.eurhosting.net/WATERMARKED-2/বন্ধুচ্যালেঞ্জ.jpg
20-2-313,শয়তানের ঘাঁটি,কাজী আনোয়ার হোসেন,40.0,,2,সেবা প্রকাশনী,1999.0,,Paperback,Bn,OLD,http://mdsalah.customerserver003003.eurhosting.net/WATERMARKED-2/শয়তানের%20ঘাঁটি.jpg
20-2-316,টার্গেট নাইন,কাজী আনোয়ার হোসেন,50.0,,1,সেবা প্রকাশনী,1997.0,দুইখন্ড একত্রে,Paperback,Bn,OLD,http://mdsalah.customerserver003003.eurhosting.net/WATERMARKED-2/টার্গেট%20নাইন.jpg
20-2-317,অপারেশন বসনিয়া/টার্গেট বাংলাদেশ,কাজী আনোয়ার হোসেন,50.0,,0,সেবা প্রকাশনী,1999.0,দুইটি বই একত্রে,Paperback,Bn,OLD,http://mdsalah.customerserver003003.eurhosting.net/WATERMARKED-2/অপারেশন%20বসনিয়াটার্গেট%20বাংলাদেশ.jpg
20-2-318,সহযোদ্ধা,কাজী আনোয়ার হোসেন,40.0,,4,সেবা প্রকাশনী,2006.0,,Paperback,Bn,OLD,http://mdsalah.customerserver003003.eurhosting.net/WATERMARKED-2/সহযোদ্ধা.jpg
20-2-319,স্বর্গরাজ্য,কাজী আনোয়ার হোসেন,50.0,,0,সেবা প্রকাশনী,1998.0,দুইখন্ড একত্রে,Paperback,Bn,OLD,http://mdsalah.customerserver003003.eurhosting.net/WATERMARKED-2/স্বর্গরাজ্য.jpg
20-2-321,জাপানি টাইকুন(১ম খন্ড),কাজী আনোয়ার হোসেন,40.0,,3,সেবা প্রকাশনী,2014.0,,Paperback,Bn,OLD,http://mdsalah.customerserver003003.eurhosting.net/WATERMARKED-2/জাপানি%20টাইকুন(১ম%20খন্ড).jpg
20-2-322,জাপানি টাইকুন(২য় খন্ড),কাজী আনোয়ার হোসেন,40.0,,3,সেবা প্রকাশনী,2014.0,,Paperback,Bn,OLD,http://mdsalah.customerserver003003.eurhosting.net/WATERMARKED-2/জাপানি%20টাইকুন(২য়%20খন্ড).jpg
20-2-323,ড্রাগ লর্ড,কাজী আনোয়ার হোসেন,40.0,,12,সেবা প্রকাশনী,2009.0,,Paperback,Bn,OLD,http://mdsalah.customerserver003003.eurhosting.net/WATERMARKED-2/ড্রাগ%20লর্ড.jpg
20-2-324,নরকের ঠিকানা,কাজী আনোয়ার হোসেন,40.0,,6,সেবা প্রকাশনী,2000.0,,Paperback,Bn,OLD,http://mdsalah.customerserver003003.eurhosting.net/WATERMARKED-2/নরকের%20ঠিকানা.jpg
20-2-325,বন্দি রানা,কাজী আনোয়ার হোসেন,40.0,,1,সেবা প্রকাশনী,2006.0,,Paperback,Bn,OLD,http://mdsalah.customerserver003003.eurhosting.net/WATERMARKED-2/বন্দি%20রানা.jpg
20-2-326,স্নাইপার,কাজী আনোয়ার হোসেন,50.0,,3,সেবা প্রকাশনী,2008.0,দুইখন্ড একত্রে,Paperback,Bn,OLD,http://mdsalah.customerserver003003.eurhosting.net/WATERMARKED-2/স্নাইপার.jpg
20-2-331,কিল-মাস্টার,কাজী আনোয়ার হোসেন,40.0,,5,সেবা প্রকাশনী,2010.0,,Paperback,Bn,OLD,http://mdsalah.customerserver003003.eurhosting.net/WATERMARKED-2/কিল-মাস্টার.jpg
20-2-332,মরুযাত্রা,কাজী আনোয়ার হোসেন,50.0,,0,সেবা প্রকাশনী,1997.0,দুইখন্ড একত্রে,Paperback,Bn,OLD,http://mdsalah.customerserver003003.eurhosting.net/WATERMARKED-2/মরুযাত্রা.jpg
20-2-335,নিখোঁজ,কাজী আনোয়ার হোসেন,40.0,,12,সেবা প্রকাশনী,2008.0,,Paperback,Bn,OLD,http://mdsalah.customerserver003003.eurhosting.net/WATERMARKED-2/নিখোঁজ.jpg
20-2-339,হীরক সম্রাট(২য় খন্ড),কাজী আনোয়ার হোসেন,40.0,,2,সেবা প্রকাশনী,1998.0,,Paperback,Bn,OLD,http://mdsalah.customerserver003003.eurhosting.net/WATERMARKED-2/হীরক%20সম্রাট(২য়%20খন্ড).jpg
20-2-340,চারিদিকে শত্রু,কাজী আনোয়ার হোসেন,50.0,,0,সেবা প্রকাশনী,1985.0,দুইখন্ড একত্রে,Paperback,Bn,OLD,http://mdsalah.customerserver003003.eurhosting.net/WATERMARKED-2/চারিদিকে%20শত্রু.jpg
20-2-341,অন্তর্ধান(১ম খন্ড),কাজী আনোয়ার হোসেন,40.0,,6,সেবা প্রকাশনী,2009.0,,Paperback,Bn,OLD,http://mdsalah.customerserver003003.eurhosting.net/WATERMARKED-2/অন্তর্ধান(১ম%20খন্ড).jpg
20-2-342,অন্তর্ধান(২য় খন্ড),কাজী আনোয়ার হোসেন,40.0,,5,সেবা প্রকাশনী,2009.0,,Paperback,Bn,OLD,http://mdsalah.customerserver003003.eurhosting.net/WATERMARKED-2/অন্তর্ধান(২য়%20খন্ড).jpg
20-2-343,টাইম বম,কাজী আনোয়ার হোসেন,40.0,,6,সেবা প্রকাশনী,2013.0,,Paperback,Bn,OLD,http://mdsalah.customerserver003003.eurhosting.net/WATERMARKED-2/টাইম%20বম.jpg
20-2-346,বাঘের খাঁচা,কাজী আনোয়ার হোসেন,40.0,,0,সেবা প্রকাশনী,2002.0,,Paperback,Bn,OLD,http://mdsalah.customerserver003003.eurhosting.net/WATERMARKED-2/বাঘের%20খাঁচা.jpg
20-2-347,ড্রাগ লর্ড/দ্বীপান্তর,কাজী আনোয়ার হোসেন,50.0,,4,সেবা প্রকাশনী,2011.0,দুইটি বই একত্রে,Paperback,Bn,OLD,http://mdsalah.customerserver003003.eurhosting.net/WATERMARKED-2/ড্রাগ%20লর্ডদ্বীপান্তর.jpg
20-2-349,মাদকচক্র,কাজী আনোয়ার হোসেন,40.0,,1,সেবা প্রকাশনী,1999.0,,Paperback,Bn,OLD,http://mdsalah.customerserver003003.eurhosting.net/WATERMARKED-2/মাদকচক্র.jpg
20-2-351,মায়ান ট্রেজার/জন্মভূমি,কাজী আনোয়ার হোসেন,50.0,,3,সেবা প্রকাশনী,2000.0,দুইটি বই একত্রে,Paperback,Bn,OLD,http://mdsalah.customerserver003003.eurhosting.net/WATERMARKED-2/মায়ান%20ট্রেজারজন্মভূমি.jpg
20-2-352,মৃত্যুবাণ,কাজী আনোয়ার হোসেন,40.0,,2,সেবা প্রকাশনী,2006.0,,Paperback,Bn,OLD,http://mdsalah.customerserver003003.eurhosting.net/WATERMARKED-2/মৃত্যুবাণ.jpg
20-2-353,শয়তানের দোসর/কিলার কোবরা,কাজী আনোয়ার হোসেন,50.0,,0,সেবা প্রকাশনী,2005.0,দুইটি বই একত্রে,Paperback,Bn,OLD,http://mdsalah.customerserver003003.eurhosting.net/WATERMARKED-2/শয়তানের%20দোসরকিলার%20কোবরা.jpg
20-2-354,বিষচক্র,কাজী আনোয়ার হোসেন,40.0,,1,সেবা প্রকাশনী,2005.0,,Paperback,Bn,OLD,http://mdsalah.customerserver003003.eurhosting.net/WATERMARKED-2/বিষচক্র.jpg
20-2-356,আদিম আতঙ্ক,কাজী আনোয়ার হোসেন,40.0,,10,সেবা প্রকাশনী,2014.0,,Paperback,Bn,OLD,http://mdsalah.customerserver003003.eurhosting.net/WATERMARKED-2/আদিম%20আতঙ্ক.jpg
20-2-357,সেই পাগল বৈজ্ঞানিক,কাজী আনোয়ার হোসেন,40.0,,0,সেবা প্রকাশনী,2001.0,,Paperback,Bn,OLD,http://mdsalah.customerserver003003.eurhosting.net/WATERMARKED-2/সেই%20পাগল%20বৈজ্ঞানিক.jpg
20-2-358,নরপিশাচ(১ম খন্ড),কাজী আনোয়ার হোসেন,40.0,,2,সেবা প্রকাশনী,,,Paperback,Bn,OLD,http://mdsalah.customerserver003003.eurhosting.net/WATERMARKED-2/নরপিশাচ(১ম%20খন্ড).jpg
20-2-361,মৃত্যুর হাতছানি,কাজী আনোয়ার হোসেন,40.0,,3,সেবা প্রকাশনী,2001.0,,Paperback,Bn,OLD,http://mdsalah.customerserver003003.eurhosting.net/WATERMARKED-2/মৃত্যুর%20হাতছানি.jpg
20-2-363,রক্তচোষা,কাজী আনোয়ার হোসেন,40.0,,2,সেবা প্রকাশনী,1997.0,,Paperback,Bn,OLD,http://mdsalah.customerserver003003.eurhosting.net/WATERMARKED-2/রক্তচোষা.jpg
20-2-364,জন্মশত্রু,কাজী আনোয়ার হোসেন,40.0,,2,সেবা প্রকাশনী,2001.0,,Paperback,Bn,OLD,http://mdsalah.customerserver003003.eurhosting.net/WATERMARKED-2/জন্মশত্রু.jpg
20-2-366,শান্তিদূত,কাজী আনোয়ার হোসেন,50.0,,0,সেবা প্রকাশনী,1999.0,দুইখন্ড একত্রে,Paperback,Bn,OLD,http://mdsalah.customerserver003003.eurhosting.net/WATERMARKED-2/শান্তিদূত.jpg
20-2-368,নকল রানা,কাজী আনোয়ার হোসেন,50.0,,1,সেবা প্রকাশনী,2000.0,দুইখন্ড একত্রে,Paperback,Bn,OLD,http://mdsalah.customerserver003003.eurhosting.net/WATERMARKED-2/নকল%20রানা.jpg
20-2-370-1,নকল রানা(২য় খন্ড),কাজী আনোয়ার হোসেন,40.0,,0,সেবা প্রকাশনী,1998.0,,Paperback,Bn,OLD,http://mdsalah.customerserver003003.eurhosting.net/WATERMARKED-2/নকল%20রানা(২য়%20খন্ড).jpg
20-2-371,বিগব্যাঙ/মাদকচক্র,কাজী আনোয়ার হোসেন,50.0,,6,সেবা প্রকাশনী,1998.0,দুইটি বই একত্রে,Paperback,Bn,OLD,http://mdsalah.customerserver003003.eurhosting.net/WATERMARKED-2/বিগব্যাঙমাদকচক্র.jpg
20-2-374,দুর্গমগিরি/তুরুপের তাস,কাজী আনোয়ার হোসেন,50.0,,6,সেবা প্রকাশনী,2001.0,দুইটি বই একত্রে,Paperback,Bn,OLD,http://mdsalah.customerserver003003.eurhosting.net/WATERMARKED-2/দুর্গমগিরিতুরুপের%20তাস.jpg
20-2-375,ক্ষ্যাপা নর্তক/শয়তানের দূত,কাজী আনোয়ার হোসেন,50.0,,0,সেবা প্রকাশনী,1998.0,দুইটি বই একত্রে,Paperback,Bn,OLD,http://mdsalah.customerserver003003.eurhosting.net/WATERMARKED-2/ক্ষ্যাপা%20নর্তকশয়তানের%20দূত.jpg
20-2-376,"গুডবাই,রানা/কান্তার মরু",কাজী আনোয়ার হোসেন,50.0,,2,সেবা প্রকাশনী,2000.0,দুইটি বই একত্রে,Paperback,Bn,OLD,"http://mdsalah.customerserver003003.eurhosting.net/WATERMARKED-2/গুডবাই,রানাকান্তার%20মরু.jpg"
20-2-378,রত্নদ্বীপ/কুউউ,কাজী আনোয়ার হোসেন,50.0,,5,সেবা প্রকাশনী,1998.0,দুইটি বই একত্রে,Paperback,Bn,OLD,http://mdsalah.customerserver003003.eurhosting.net/WATERMARKED-2/রত্নদ্বীপকুউউ.jpg
20-2-381,সীমা লঙ্ঘন,কাজী আনোয়ার হোসেন,40.0,,0,সেবা প্রকাশনী,2000.0,,Paperback,Bn,OLD,http://mdsalah.customerserver003003.eurhosting.net/WATERMARKED-2/সীমা%20লঙ্ঘন.jpg
20-2-382,ক্রাইম বস,কাজী আনোয়ার হোসেন,40.0,,4,সেবা প্রকাশনী,2004.0,,Paperback,Bn,OLD,http://mdsalah.customerserver003003.eurhosting.net/WATERMARKED-2/ক্রাইম%20বস.jpg
20-2-383,কালো নকশা,কাজী আনোয়ার হোসেন,40.0,,0,সেবা প্রকাশনী,2005.0,,Paperback,Bn,OLD,http://mdsalah.customerserver003003.eurhosting.net/WATERMARKED-2/কালো%20নকশা.jpg
20-2-384,নীল দংশন,কাজী আনোয়ার হোসেন,50.0,,4,সেবা প্রকাশনী,2003.0,দুইখন্ড একত্রে,Paperback,Bn,OLD,http://mdsalah.customerserver003003.eurhosting.net/WATERMARKED-2/নীল%20দংশন.jpg
20-2-385,ডাবল এজেন্ট(১ম খন্ড),কাজী আনোয়ার হোসেন,40.0,,2,সেবা প্রকাশনী,1993.0,,Paperback,Bn,OLD,http://mdsalah.customerserver003003.eurhosting.net/WATERMARKED-2/ডাবল%20এজেন্ট(১ম%20খন্ড).jpg
20-2-388,মুক্তিপণ,কাজী আনোয়ার হোসেন,40.0,,3,সেবা প্রকাশনী,2002.0,,Paperback,Bn,OLD,http://mdsalah.customerserver003003.eurhosting.net/WATERMARKED-2/মুক্তিপণ.jpg
20-2-389,কর্কটের বিষ/সার্বিয়া চক্রান্ত,কাজী আনোয়ার হোসেন,50.0,,1,সেবা প্রকাশনী,2005.0,দুইটি বই একত্রে,Paperback,Bn,OLD,http://mdsalah.customerserver003003.eurhosting.net/WATERMARKED-2/কর্কটের%20বিষসার্বিয়া%20চক্রান্ত.jpg
20-2-392,কান্তার মরু,কাজী আনোয়ার হোসেন,40.0,,2,সেবা প্রকাশনী,2000.0,,Paperback,Bn,OLD,http://mdsalah.customerserver003003.eurhosting.net/WATERMARKED-2/কান্তার%20মরু.jpg
20-2-394,ধ্বংসের নকশা,কাজী আনোয়ার হোসেন,40.0,,4,সেবা প্রকাশনী,1999.0,,Paperback,Bn,OLD,http://mdsalah.customerserver003003.eurhosting.net/WATERMARKED-2/ধ্বংসের%20নকশা.jpg
20-2-397,দুরভিসন্ধি,কাজী আনোয়ার হোসেন,40.0,,5,সেবা প্রকাশনী,2001.0,,Paperback,Bn,OLD,http://mdsalah.customerserver003003.eurhosting.net/WATERMARKED-2/দুরভিসন্ধি.jpg
20-2-406,কালো ছায়া(২য় খন্ড),কাজী আনোয়ার হোসেন,40.0,,3,সেবা প্রকাশনী,1995.0,,Paperback,Bn,OLD,http://mdsalah.customerserver003003.eurhosting.net/WATERMARKED-2/কালো%20ছাায়া(২য়%20খন্ড).jpg
20-2-407,খুনে মাফিয়া,কাজী আনোয়ার হোসেন,40.0,,6,সেবা প্রকাশনী,2008.0,,Paperback,Bn,OLD,http://mdsalah.customerserver003003.eurhosting.net/WATERMARKED-2/খুনে%20মাফিয়া.jpg
20-2-410,হারানো আটলান্টিস,কাজী আনোয়ার হোসেন,50.0,,1,সেবা প্রকাশনী,2009.0,দুইখন্ড একত্রে,Paperback,Bn,OLD,http://mdsalah.customerserver003003.eurhosting.net/WATERMARKED-2/হারানো%20আটলান্টিস.jpg
20-2-411,কুরুক্ষেত্র,কাজী আনোয়ার হোসেন,50.0,,0,সেবা প্রকাশনী,2012.0,দুইখন্ড একত্রে,Paperback,Bn,OLD,http://mdsalah.customerserver003003.eurhosting.net/WATERMARKED-2/কুরুক্ষেত্র.jpg
20-2-414,দংশন,কাজী আনোয়ার হোসেন,50.0,,0,সেবা প্রকাশনী,2005.0,দুইখন্ড একত্রে,Paperback,Bn,OLD,http://mdsalah.customerserver003003.eurhosting.net/WATERMARKED-2/দংশন.jpg
20-2-416,গহীন অরণ্য/প্রজেক্ট X-15,কাজী আনোয়ার হোসেন,50.0,,0,সেবা প্রকাশনী,2008.0,দুইটি বই একত্রে,Paperback,Bn,OLD,http://mdsalah.customerserver003003.eurhosting.net/WATERMARKED-2/গহীন%20অরণ্যপ্রজেক্ট%20X-15.jpg
20-2-419,আবার সোহানা/মিশন তেল আবিব,কাজী আনোয়ার হোসেন,50.0,,2,সেবা প্রকাশনী,2008.0,দুইটি বই একত্রে,Paperback,Bn,OLD,http://mdsalah.customerserver003003.eurhosting.net/WATERMARKED-2/আবার%20সোহানামিশন%20তেল%20আবিব.jpg
20-2-425,পালাবে কোথায়,কাজী আনোয়ার হোসেন,50.0,,3,সেবা প্রকাশনী,1997.0,দুইখন্ড একত্রে,Paperback,Bn,OLD,http://mdsalah.customerserver003003.eurhosting.net/WATERMARKED-2/পালাবে%20কোথায়.jpg
20-2-429,রক্তপিপাসা,কাজী আনোয়ার হোসেন,60.0,,7,সেবা প্রকাশনী,2003.0,তিনখন্ড একত্রে,Paperback,Bn,OLD,http://mdsalah.customerserver003003.eurhosting.net/WATERMARKED-2/রক্ত%20পিপাসা.jpg
20-2-430,স্বর্ণদ্বীপ(১ম খন্ড),কাজী আনোয়ার হোসেন,40.0,,2,সেবা প্রকাশনী,1995.0,,Paperback,Bn,OLD,http://mdsalah.customerserver003003.eurhosting.net/WATERMARKED-2/স্বর্ণদ্বীপ(১ম%20খন্ড).jpg
20-2-432,অপারেশন বসনিয়া,কাজী আনোয়ার হোসেন,40.0,,0,সেবা প্রকাশনী,1998.0,,Paperback,Bn,OLD,http://mdsalah.customerserver003003.eurhosting.net/WATERMARKED-2/অপারেশন%20বসনিয়া.jpg
20-2-434,দুরন্ত ঈগল(২য় খন্ড),কাজী আনোয়ার হোসেন,40.0,,2,সেবা প্রকাশনী,2007.0,,Paperback,Bn,OLD,http://mdsalah.customerserver003003.eurhosting.net/WATERMARKED-2/দুরন্ত%20ঈগল(২য়%20খন্ড).jpg
20-2-436,"পালাও,রানা",কাজী আনোয়ার হোসেন,40.0,,1,সেবা প্রকাশনী,2001.0,,Paperback,Bn,OLD,"http://mdsalah.customerserver003003.eurhosting.net/WATERMARKED-2/পালাও,রানা.jpg"
20-2-437,বিষচক্র/মৃত্যুবাণ,কাজী আনোয়ার হোসেন,50.0,,0,সেবা প্রকাশনী,,দুটি বই একত্রে,Paperback,Bn,OLD,http://mdsalah.customerserver003003.eurhosting.net/WATERMARKED-2/বিষচক্রমৃত্যুবাণ.jpg
20-2-438,কৃষ্ণপক্ষ(১ম খন্ড),কাজী আনোয়ার হোসেন,40.0,,0,সেবা প্রকাশনী,1994.0,,Paperback,Bn,OLD,http://mdsalah.customerserver003003.eurhosting.net/WATERMARKED-2/কৃষ্ণপক্ষ(১ম%20খন্ড).jpg
20-2-440,"পালাও, রানা/অন্ধপ্রেম",কাজী আনোয়ার হোসেন,50.0,,1,সেবা প্রকাশনী,2006.0,দুইখন্ড একত্রে,Paperback,Bn,OLD,"http://mdsalah.customerserver003003.eurhosting.net/WATERMARKED-2/পালাও,%20রানাঅন্ধপ্রেম.jpg"
20-2-442,অশুভ প্রহর/ অপারেশন ইজরাইল,কাজী আনোয়ার হোসেন,50.0,,0,সেবা প্রকাশনী,2007.0,দুটি বই একত্রে,Paperback,Bn,OLD,http://mdsalah.customerserver003003.eurhosting.net/WATERMARKED-2/অশুভ%20প্রহর%20অপারেশন%20ইজরাইল.jpg
20-2-445,লাল পাহাড়/ হৃৎকম্পন,কাজী আনোয়ার হোসেন,50.0,,0,সেবা প্রকাশনী,1998.0,দুটি বই একত্রে,Paperback,Bn,OLD,http://mdsalah.customerserver003003.eurhosting.net/WATERMARKED-2/লাল%20পাহাড়%20হৃৎকম্পন.jpg
20-2-450,প্রলয়সঙ্কেত(২য় খন্ড),কাজী আনোয়ার হোসেন,40.0,,0,সেবা প্রকাশনী,1992.0,,Paperback,Bn,OLD,http://mdsalah.customerserver003003.eurhosting.net/WATERMARKED-2/প্রলয়সঙ্কেত(২য়%20খন্ড).jpg
20-2-451,দংশন(১ম খন্ড),কাজী আনোয়ার হোসেন,40.0,,0,সেবা প্রকাশনী,1992.0,,Paperback,Bn,OLD,http://mdsalah.customerserver003003.eurhosting.net/WATERMARKED-2/দংশন(১ম%20খন্ড).jpg
20-2-452,দংশন(১ম খন্ড),কাজী আনোয়ার হোসেন,40.0,,1,সেবা প্রকাশনী,,,Paperback,Bn,OLD,http://mdsalah.customerserver003003.eurhosting.net/WATERMARKED-2/দংশন(১ম%20খন্ড).jpg
20-2-455,কালকূট(৩য় খন্ড),কাজী আনোয়ার হোসেন,40.0,,1,সেবা প্রকাশনী,1997.0,,Paperback,Bn,OLD,http://mdsalah.customerserver003003.eurhosting.net/WATERMARKED-2/কালকূট(৩য়%20খন্ড).jpg
20-2-456,আবার ষড়যন্ত্র,কাজী আনোয়ার হোসেন,40.0,,2,সেবা প্রকাশনী,2002.0,,Paperback,Bn,OLD,http://mdsalah.customerserver003003.eurhosting.net/WATERMARKED-2/আবার%20ষড়যন্ত্র.jpg
20-2-462,মাসুদ রানা ভলিউম ২৫,কাজী আনোয়ার হোসেন,50.0,,0,সেবা প্রকাশনী,1993.0,দুইখন্ড একত্রে(আক্রমন),Paperback,Bn,OLD,http://mdsalah.customerserver003003.eurhosting.net/WATERMARKED-2/মাসুদ%20রানা%20ভলিউম%20২৫.jpg
20-2-463,ঝড়ের পূর্বাভাস,কাজী আনোয়ার হোসেন,40.0,,5,সেবা প্রকাশনী,1999.0,,Paperback,Bn,OLD,http://mdsalah.customerserver003003.eurhosting.net/WATERMARKED-2/ঝড়ের%20পূর্বাভাস.jpg
20-2-464,দুর্গমগিরি,কাজী আনোয়ার হোসেন,40.0,,2,সেবা প্রকাশনী,1999.0,,Paperback,Bn,OLD,http://mdsalah.customerserver003003.eurhosting.net/WATERMARKED-2/দুর্গমগিরি.jpg
20-2-466,ক্রিমিনাল/অমানুষ,কাজী আনোয়ার হোসেন,50.0,,1,সেবা প্রকাশনী,2008.0,দুটি বই একত্রে,Paperback,Bn,OLD,http://mdsalah.customerserver003003.eurhosting.net/WATERMARKED-2/ক্রিমিনালঅমানুষ.jpg
20-2-468,অকস্মাৎ সীমান্ত,কাজী আনোয়ার হোসেন,50.0,,0,সেবা প্রকাশনী,2000.0,দুটি বই একত্রে,Paperback,Bn,OLD,http://mdsalah.customerserver003003.eurhosting.net/WATERMARKED-2/অকস্মাৎ%20সীমান্ত.jpg
20-2-473,রিপোর্টার (প্রথম খন্ড),কাজী আনোয়ার হোসেন,40.0,,1,সেবা প্রকাশনী,1998.0,,Paperback,Bn,OLD,http://mdsalah.customerserver003003.eurhosting.net/WATERMARKED-2/রিপোর্টার%20(প্রথম%20খন্ড).jpg
20-2-474,দুই নম্বর,কাজী আনোয়ার হোসেন,50.0,,0,সেবা প্রকাশনী,2016.0,দুইখন্ড একত্রে,Paperback,Bn,OLD,http://mdsalah.customerserver003003.eurhosting.net/WATERMARKED-2/দুই%20নম্বর.jpg
20-2-475,ক্লাইম্বার/মরুস্বর্গ,কাজী আনোয়ার হোসেন,50.0,,0,সেবা প্রকাশনী,2018.0,দুটি বই একত্রে,Paperback,Bn,OLD,http://mdsalah.customerserver003003.eurhosting.net/WATERMARKED-2/ক্লাইম্বারমরুস্বর্গ.jpg
20-2-485,রাত্রি অন্ধকার/জাল,কাজী আনোয়ার হোসেন,50.0,,0,সেবা প্রকাশনী,2002.0,দুটি বই একত্রে,Paperback,Bn,OLD,http://mdsalah.customerserver003003.eurhosting.net/WATERMARKED-2/রাত্রি%20অন্ধকারজাল.jpg
20-2-489,দুই নম্বর(১ম খন্ড),কাজী আনোয়ার হোসেন,40.0,,0,সেবা প্রকাশনী,1993.0,,Paperback,Bn,OLD,http://mdsalah.customerserver003003.eurhosting.net/WATERMARKED-2/দুই%20নম্বর(১ম%20খন্ড).jpg
20-3-001,তীরন্দাজ,ইফতেখার আমিন,40.0,,0,ঊর্মি প্রকাশনী,2002.0,,Paperback,Bn,OLD,http://mdsalah.customerserver003003.eurhosting.net/WATERMARKED-2/তীরন্দাজ.jpg
20-3-005,পরিবর্তন,সায়েম সোলায়মান,40.0,,0,সেবা প্রকাশনী,2006.0,,Paperback,Bn,OLD,http://mdsalah.customerserver003003.eurhosting.net/WATERMARKED-2/পরিবর্তন.jpg
20-3-006,রক্তবসনা,রওশন জামিল,40.0,,0,সেবা প্রকাশনী,1992.0,,Paperback,Bn,OLD,http://mdsalah.customerserver003003.eurhosting.net/WATERMARKED-2/রক্তবসনা.jpg
20-3-007,শয়তানের চক্র,কাজী শাহনূর হোসেন,40.0,,2,সেবা প্রকাশনী,1997.0,,Paperback,Bn,OLD,http://mdsalah.customerserver003003.eurhosting.net/WATERMARKED-2/শয়তানের%20চক্র.jpg
20-3-009,সেই পিস্তল,কাজী মায়মুর হোসেন,40.0,,0,সেবা প্রকাশনী,1996.0,,Paperback,Bn,OLD,http://mdsalah.customerserver003003.eurhosting.net/WATERMARKED-2/সেই%20পিস্তল.jpg
20-3-010,ভবঘুরে,মোহাম্মদ সাইফুল্লাহ,40.0,,3,সেবা প্রকাশনী,1996.0,,Paperback,Bn,OLD,http://mdsalah.customerserver003003.eurhosting.net/WATERMARKED-2/ভবঘুরে.jpg
20-3-011,আঁতাত,গোলাম মাওলা নঈম,40.0,,0,সেবা প্রকাশনী,,,Paperback,Bn,OLD,http://mdsalah.customerserver003003.eurhosting.net/WATERMARKED-2/আঁতাত.jpg
20-3-013,দেশান্তর,ইসমাইল আরমান,40.0,,0,সেবা প্রকাশনী,2011.0,,Paperback,Bn,OLD,http://mdsalah.customerserver003003.eurhosting.net/WATERMARKED-2/দেশান্তর.jpg
20-3-020,দূরের পথ,কাজী মায়মুর হোসেন,40.0,,0,সেবা প্রকাশনী,1997.0,,Paperback,Bn,OLD,http://mdsalah.customerserver003003.eurhosting.net/WATERMARKED-2/দূরের%20পথ.jpg
20-3-023,বাধা,মাসুদ আনোয়ার,40.0,,3,সেবা প্রকাশনী,2009.0,,Paperback,Bn,OLD,http://mdsalah.customerserver003003.eurhosting.net/WATERMARKED-2/বাধা.jpg
20-3-027,অপঘাত,গোলাম মাওলা নঈম,40.0,,0,সেবা প্রকাশনী,,,Paperback,Bn,OLD,http://mdsalah.customerserver003003.eurhosting.net/WATERMARKED-2/অপঘাত.jpg
20-3-029,শক্তপাল্লা,কাজী মায়মুর হোসেন,40.0,,0,সেবা প্রকাশনী,2006.0,,Paperback,Bn,OLD,http://mdsalah.customerserver003003.eurhosting.net/WATERMARKED-2/শক্তপাল্লা.jpg
20-3-041,স্বর্নঈগল/ক্যালিবার .৪৫,কাজী মায়মুর হোসেন,50.0,,0,সেবা প্রকাশনী,2006.0,দুইটি বই একত্রে,Paperback,Bn,OLD,http://mdsalah.customerserver003003.eurhosting.net/WATERMARKED-2/স্বর্নঈগলক্যালিবার%20.৪৫.jpg
20-3-043,আলেয়ার পিছে/আর কতদূর,কাজি মাহবুব হোসেন,50.0,,3,সেবা প্রকাশনী,2001.0,দুইটি বই একত্রে,Paperback,Bn,OLD,http://mdsalah.customerserver003003.eurhosting.net/WATERMARKED-2/আলেয়ার%20পিছেআর%20কতদূর.jpg
20-3-050,বধ্যভূমি/প্রবঞ্চক/বারুদ,কাজী মায়মুর হোসেন,60.0,,0,সেবা প্রকাশনী,2007.0,তিনটি বই একত্রে,Paperback,Bn,OLD,http://mdsalah.customerserver003003.eurhosting.net/WATERMARKED-2/বধ্যভূমিপ্রবঞ্চকবারুদ.jpg
20-3-053,দুর্জয় পশ্চিম/দোষী/বিরান প্রান্তর,কাজী মায়মুর হোসেন,60.0,,0,সেবা প্রকাশনী,,দুইটি বই একত্রে,Paperback,Bn,OLD,http://mdsalah.customerserver003003.eurhosting.net/WATERMARKED-2/দুর্জয়%20পশ্চিমদোষীবিরান%20প্রান্তর.jpg
20-3-055,কাপুরুষ,ইসমাইল আরমান,40.0,,0,সেবা প্রকাশনী,2013.0,,Paperback,Bn,OLD,http://mdsalah.customerserver003003.eurhosting.net/WATERMARKED-2/কাপুরুষ.jpg
20-3-059,অবরুদ্ধ শহর,সায়েম সোলায়মান,40.0,,0,সেবা প্রকাশনী,2005.0,,Paperback,Bn,OLD,http://mdsalah.customerserver003003.eurhosting.net/WATERMARKED-2/অবরুদ্ধ%20শহর.jpg
20-3-060,বিরান প্রান্তর,কাজী মায়মুর হোসেন,40.0,,2,সেবা প্রকাশনী,2000.0,,Paperback,Bn,OLD,http://mdsalah.customerserver003003.eurhosting.net/WATERMARKED-2/বিরান%20প্রান্তর.jpg
20-3-061,অশুভ চক্র,টিপু কিবরিয়া,40.0,,2,সেবা প্রকাশনী,1996.0,,Paperback,Bn,OLD,http://mdsalah.customerserver003003.eurhosting.net/WATERMARKED-2/অশুভ%20চক্র.jpg
20-3-065,শক্তপাল্লা,কাজী মায়মুর হোসেন,40.0,,0,সেবা প্রকাশনী,,,Paperback,Bn,OLD,http://mdsalah.customerserver003003.eurhosting.net/WATERMARKED-2/শক্তপাল্লা.jpg
20-3-066,প্রায়শ্চিত্ত,ইফতেখার আমিন,40.0,,1,সেবা প্রকাশনী,1997.0,,Paperback,Bn,OLD,http://mdsalah.customerserver003003.eurhosting.net/WATERMARKED-2/প্রায়শ্চিত্ত.jpg
20-3-070,বন্দুকবাজ,কাজী মায়মুর হোসেন,40.0,,1,সেবা প্রকাশনী,2003.0,,Paperback,Bn,OLD,http://mdsalah.customerserver003003.eurhosting.net/WATERMARKED-2/বন্দুকবাজ.jpg
20-3-078,দুর্জয়,গোলাাম মাওলা নঈম,40.0,,2,সেবা প্রকাশনী,2008.0,,Paperback,Bn,OLD,http://mdsalah.customerserver003003.eurhosting.net/WATERMARKED-2/দুর্জয়.jpg
20-3-085,লোভের ফাঁদে,কাজী শাহনূর হোসেন,40.0,,4,সেবা প্রকাশনী,1997.0,,Paperback,Bn,OLD,http://mdsalah.customerserver003003.eurhosting.net/WATERMARKED-2/লোভের%20ফাঁদে.jpg
20-3-090,মরণডাক,ইসমাইল আরমান,40.0,,1,সেবা প্রকাশনী,2014.0,,Paperback,Bn,OLD,http://mdsalah.customerserver003003.eurhosting.net/WATERMARKED-2/মরণডাক.jpg
20-3-092,উৎখাত,কাজী মাায়মুর হোসেন,40.0,,0,সেবা প্রকাশনী,1996.0,,Paperback,Bn,OLD,http://mdsalah.customerserver003003.eurhosting.net/WATERMARKED-2/উৎখাত.jpg
20-3-094,হুমকি,টিপু কিবরিয়া,40.0,,1,সেবা প্রকাশনী,1997.0,,Paperback,Bn,OLD,http://mdsalah.customerserver003003.eurhosting.net/WATERMARKED-2/হুমকি.jpg
20-3-095,ধাওয়া,কাজী মাায়মুর হোসেন,40.0,,4,সেবা প্রকাশনী,1997.0,,Paperback,Bn,OLD,http://mdsalah.customerserver003003.eurhosting.net/WATERMARKED-2/ধাওয়া.jpg
20-3-096,জাতশত্রু,কাজী শাহনূর হোসেন,40.0,,1,সেবা প্রকাশনী,1999.0,,Paperback,Bn,OLD,http://mdsalah.customerserver003003.eurhosting.net/WATERMARKED-2/জাতশত্রু.jpg
20-3-104,প্রহসন,কাজী মাায়মুর হোসেন,40.0,,2,সেবা প্রকাশনী,1997.0,,Paperback,Bn,OLD,http://mdsalah.customerserver003003.eurhosting.net/WATERMARKED-2/প্রহসন.jpg
20-3-115,দাঙ্গা,মাসুদ আনোয়ার,40.0,,0,সেবা প্রকাশনী,2007.0,,Paperback,Bn,OLD,http://mdsalah.customerserver003003.eurhosting.net/WATERMARKED-2/দাঙ্গা.jpg
20-3-116,অপঘাত/উত্তরসুরি,গোলাম মাওলা নঈম,50.0,,1,সেবা প্রকাশনী,2015.0,দুটি বই একত্রে,Paperback,Bn,OLD,http://mdsalah.customerserver003003.eurhosting.net/WATERMARKED-2/অপঘাতউত্তরসুরি.jpg
20-3-121,ভূমিগ্রাস,গোলাম মাওলা নঈম,40.0,,4,সেবা প্রকাশনী,2010.0,,Paperback,Bn,OLD,http://mdsalah.customerserver003003.eurhosting.net/WATERMARKED-2/ভূমিগ্রাস.jpg
20-3-123,সীমানা,কাজী মাায়মুর হোসেন,40.0,,0,সেবা প্রকাশনী,2000.0,,Paperback,Bn,OLD,http://mdsalah.customerserver003003.eurhosting.net/WATERMARKED-2/সীমানা.jpg
20-3-132,কারসাজি,কাজী শাহনূর হোসেন,40.0,,4,সেবা প্রকাশনী,1997.0,,Paperback,Bn,OLD,http://mdsalah.customerserver003003.eurhosting.net/WATERMARKED-2/কারসাজি.jpg
20-3-141,খলনায়ক,কাজী মাায়মুর হোসেন,40.0,,0,সেবা প্রকাশনী,2005.0,,Paperback,Bn,OLD,http://mdsalah.customerserver003003.eurhosting.net/WATERMARKED-2/খলনায়ক.jpg
20-3-143,মাশুল,গোলাম মাওলা নঈম,40.0,,0,সেবা প্রকাশনী,2003.0,,Paperback,Bn,OLD,http://mdsalah.customerserver003003.eurhosting.net/WATERMARKED-2/মাশুল.jpg
20-3-146,শপথ,কাজী শাহনূর হোসেন,40.0,,2,সেবা প্রকাশনী,1998.0,,Paperback,Bn,OLD,http://mdsalah.customerserver003003.eurhosting.net/WATERMARKED-2/শপথ.jpg
20-3-149,কয়েদী,কাজী মাায়মুর হোসেন,40.0,,0,সেবা প্রকাশনী,2002.0,,Paperback,Bn,OLD,http://mdsalah.customerserver003003.eurhosting.net/WATERMARKED-2/কয়েদী.jpg
20-3-151,লুটেরা/দুর্বিপাক/খলনায়ক,কাজী মাায়মুর হোসেন,60.0,,0,সেবা প্রকাশনী,2012.0,তিনটি বই একত্রে,Paperback,Bn,OLD,http://mdsalah.customerserver003003.eurhosting.net/WATERMARKED-2/লুটেরাদুর্বিপাকখলনায়ক.jpg
20-3-153,প্রবঞ্চক,কাজী মাায়মুর হোসেন,40.0,,0,সেবা প্রকাশনী,1999.0,,Paperback,Bn,OLD,http://mdsalah.customerserver003003.eurhosting.net/WATERMARKED-2/প্রবঞ্চক.jpg
20-3-154,লুটেরা,তারক রায় রানা,40.0,,5,সেবা প্রকাশনী,2005.0,,Paperback,Bn,OLD,http://mdsalah.customerserver003003.eurhosting.net/WATERMARKED-2/লুটেরা.jpg
20-3-157,সুবর্ণ সমাধি,ডিউক জন,40.0,,2,সেবা প্রকাশনী,2014.0,,Paperback,Bn,OLD,http://mdsalah.customerserver003003.eurhosting.net/WATERMARKED-2/সুবর্ণ%20সমাধি.jpg
20-3-158,খুনে মার্শাল,কাজি মাহবুব হোসেন,40.0,,0,সেবা প্রকাশনী,1997.0,,Paperback,Bn,OLD,http://mdsalah.customerserver003003.eurhosting.net/WATERMARKED-2/খুনে%20মার্শাল.jpg
20-3-162,লোভের ফাঁদে/সামনে বিপদ/ষড়যন্ত্রের জাল,কাজী শাহনূর হোসেন/গোলাম মাওলা নঈম/সায়েম সোলায়মান,60.0,,0,সেবা প্রকাশনী,2014.0,তিনটি বই একত্রে,Paperback,Bn,OLD,http://mdsalah.customerserver003003.eurhosting.net/WATERMARKED-2/লোভের%20ফাঁদেসামনে%20বিপদষড়যন্ত্রের%20জাল.jpg
20-3-165,বদলা,কাজী শাহনূর হোসেন,40.0,,1,সেবা প্রকাশনী,1997.0,,Paperback,Bn,OLD,http://mdsalah.customerserver003003.eurhosting.net/WATERMARKED-2/বদলা.jpg
20-3-181,মোকাবেলা,শওকত হোসেন,40.0,,0,সেবা প্রকাশনী,1994.0,,Paperback,Bn,OLD,http://mdsalah.customerserver003003.eurhosting.net/WATERMARKED-2/মোকাবেলা.jpg
20-3-187,বৈরি বলয়/অপসারন,শওকত হোসেন,50.0,,0,সেবা প্রকাশনী,2006.0,দুটি বই একত্রে,Paperback,Bn,OLD,http://mdsalah.customerserver003003.eurhosting.net/WATERMARKED-2/বৈরি%20বলয়অপসারন.jpg
20-3-188,জনক,মোঃ খালেদুল ইসলাম খান,40.0,,1,সেবা প্রকাশনী,2018.0,,Paperback,Bn,OLD,http://mdsalah.customerserver003003.eurhosting.net/WATERMARKED-2/জনক.jpg
20-3-196,দুর্বিপাক,কাজী মায়মুর হোসেন,40.0,,0,সেবা প্রকাশনী,1998.0,,Paperback,Bn,OLD,http://mdsalah.customerserver003003.eurhosting.net/WATERMARKED-2/দুর্বিপাক.jpg
20-3-197,সংঘর্ষ,মাসুদ আনোয়ার,40.0,,5,সেবা প্রকাশনী,2002.0,,Paperback,Bn,OLD,http://mdsalah.customerserver003003.eurhosting.net/WATERMARKED-2/সংঘর্ষ.jpg
20-3-204,নরকে,গোলাম মাওলা নঈম,40.0,,2,সেবা প্রকাশনী,2005.0,,Paperback,Bn,OLD,http://mdsalah.customerserver003003.eurhosting.net/WATERMARKED-2/নরকে.jpg
20-3-218,বদলা/বিল হিকক/রক্তপিশাচ,কাজী শাহনূর হোসেন/গোলাম মাওলা নঈম/মোহাম্মদ সাইফুল্লাহ,60.0,,0,সেবা প্রকাশনী,2015.0,তিনটি বই একত্রে,Paperback,Bn,OLD,http://mdsalah.customerserver003003.eurhosting.net/WATERMARKED-2/বদলাবিল%20হিককরক্তপিশাচ.jpg
20-3-238,অপচেষ্টা,মাসুদ আনোয়ার,40.0,,0,সেবা প্রকাশনী,2006.0,,Paperback,Bn,OLD,http://mdsalah.customerserver003003.eurhosting.net/WATERMARKED-2/অপচেষ্টা.jpg
20-3-243,ধোঁকাবাজ,কাজি মাহবুব হোসেন,40.0,,0,সেবা প্রকাশনী,2000.0,,Paperback,Bn,OLD,http://mdsalah.customerserver003003.eurhosting.net/WATERMARKED-2/ধোঁকাবাজ.jpg
20-3-244,স্বর্ণসন্ধানী্র(১ম খন্ড),কাজী শাহনূর হোসেন,40.0,,2,সেবা প্রকাশনী,1997.0,,Paperback,Bn,OLD,http://mdsalah.customerserver003003.eurhosting.net/WATERMARKED-2/স্বর্ণসন্ধানী্র(১ম%20খন্ড).jpg
20-3-252,রক্তঋণ(১ম খন্ড),শওকত হোসেন,40.0,,3,সেবা প্রকাশনী,1993.0,,Paperback,Bn,OLD,http://mdsalah.customerserver003003.eurhosting.net/WATERMARKED-2/রক্তঋণ(১ম%20খন্ড).jpg
20-3-255,মৃত্যুর মুখে এরফান,কাজী মাহবুব হোসেন,40.0,,0,সেবা প্রকাশনী,1994.0,,Paperback,Bn,OLD,http://mdsalah.customerserver003003.eurhosting.net/WATERMARKED-2/মৃত্যুর%20মুখে%20এরফান.jpg
20-3-257,দাপট,গোলাম মাওলা নঈম,40.0,,0,সেবা প্রকাশনী,2006.0,,Paperback,Bn,OLD,http://mdsalah.customerserver003003.eurhosting.net/WATERMARKED-2/দাপট.jpg
20-3-262,রোধ,গোলাম মাওলা নঈম,40.0,,0,সেবা প্রকাশনী,1999.0,,Paperback,Bn,OLD,http://mdsalah.customerserver003003.eurhosting.net/WATERMARKED-2/রোধ.jpg
20-3-272,বুনো প্রান্তর,ইফতেখাার আমিন,40.0,,1,সেবা প্রকাশনী,2003.0,,Paperback,Bn,OLD,http://mdsalah.customerserver003003.eurhosting.net/WATERMARKED-2/বুনো%20প্রান্তর.jpg
20-5-004,টেস অভ দ্য ডার্বারভিল,টমাস হার্ডি,40.0,,1,সেবা প্রকাশনী,2000.0,,Paperback,Bn,OLD,http://mdsalah.customerserver003003.eurhosting.net/WATERMARKED-2/টেস%20অভ%20দ্য%20ডার্বারভিল.jpg
20-5-024,মবিডিক,হারমান মেল্ভিল,40.0,,0,সেবা প্রকাশনী,1995.0,,Paperback,Bn,OLD,http://mdsalah.customerserver003003.eurhosting.net/WATERMARKED-2/মবিডিক.jpg
20-5-053,ড্রাকুলা,ব্রাম স্টোকার,50.0,,12,সেবা প্রকাশনী,1993.0,দুইখন্ড একত্রে,Paperback,Bn,OLD,http://mdsalah.customerserver003003.eurhosting.net/WATERMARKED-2/ড্রাকুলা.jpg
20-5-083,আ টেল অভ টু সিটিজ,চার্লস ডিকেন্স,40.0,,3,সেবা প্রকাশনী,1997.0,,Paperback,Bn,OLD,http://mdsalah.customerserver003003.eurhosting.net/WATERMARKED-2/আ%20টেল%20অভ%20টু%20সিটিজ.jpg
20-5-178,দ্য ব্ল্যাক অবিলিস্ক,এরিক মারিয়া রেমার্ক,40.0,,0,সেবা প্রকাশনী,2000.0,,Paperback,Bn,OLD,http://mdsalah.customerserver003003.eurhosting.net/WATERMARKED-2/দ্য%20ব্ল্যাক%20অবিলিস্ক.jpg
20-5-180,দ্য পিকউইক পেপার্স,চার্লস ডিকেন্স,40.0,,1,সেবা প্রকাশনী,1998.0,,Paperback,Bn,OLD,http://mdsalah.customerserver003003.eurhosting.net/WATERMARKED-2/দ্য%20পিকউইক%20পেপার্স.jpg
20-5-225,রবিনহুড,,40.0,,0,সেবা প্রকাশনী,,,Paperback,Bn,OLD,http://mdsalah.customerserver003003.eurhosting.net/WATERMARKED-2/রবিনহুড.jpg
20-5-242,আইভানহো,স্যার ওয়াল্টার স্কট,40.0,,0,সেবা প্রকাশনী,2006.0,,Paperback,Bn,OLD,http://mdsalah.customerserver003003.eurhosting.net/WATERMARKED-2/আইভানহো.jpg
20-5-243,গ্রেট এক্সপেকটেশানস,চার্লস ডিকেন্স,40.0,,0,সেবা প্রকাশনী,2006.0,,Paperback,Bn,OLD,http://mdsalah.customerserver003003.eurhosting.net/WATERMARKED-2/গ্রেট%20এক্সপেকটেশনস.jpg
20-5-249,ছায়াশহর,রকিব হাসান,40.0,,5,ক্যাথার্সিস পাবলিশিং,2009.0,,Paperback,Bn,OLD,http://mdsalah.customerserver003003.eurhosting.net/WATERMARKED-2/ছায়াশহর.jpg
20-5-264,বাউন্টিতে বিদ্রোহ,জেমস নরম্যান হল/চার্লস নর্ডহফ,40.0,,0,সেবা প্রকাশনী,2001.0,,Paperback,Bn,OLD,http://mdsalah.customerserver003003.eurhosting.net/WATERMARKED-2/বাউন্টিতে%20বিদ্রোহ.jpg
20-5-275,অ্যানিমেল ফার্ম,জর্জ অরওয়েল,40.0,,0,সেবা প্রকাশনী,1995.0,,Paperback,Bn,OLD,http://mdsalah.customerserver003003.eurhosting.net/WATERMARKED-2/অ্যানিমেল%20ফার্ম.jpg
20-5-276,নিকোলাস নিকলবি,চার্লস ডিকেন্সের,40.0,,1,সেবা প্রকাশনী,1994.0,,Paperback,Bn,OLD,http://mdsalah.customerserver003003.eurhosting.net/WATERMARKED-2/নিকোলাস%20নিকলবি.jpg
20-5-287,ভ্যানিটি ফেয়ার,"ডব্লিউ, এম, থ্যাকার",40.0,,0,সেবা প্রকাশনী,1993.0,,Paperback,Bn,OLD,http://mdsalah.customerserver003003.eurhosting.net/WATERMARKED-2/ভ্যানিটি%20ফেয়ার.jpg
20-5-322,ডক্টর জেকিল অ্যান্ড মিস্টার হাইড /লাস্ট ডেজ অভ পম্পেই,রবার্ট লুই স্টিভেনসন/লর্ড লিটন,50.0,,0,সেবা প্রকাশনী,2011.0,দুটি বই একত্রে,Paperback,Bn,OLD,http://mdsalah.customerserver003003.eurhosting.net/WATERMARKED-2/ডক্টর%20জেকিল%20অ্যান্ড%20মিস্টার%20হাইড%20লাস্ট%20ডেজ%20অভ%20পম্পেই.jpg
20-5-349,তাসের খেলা,রকিব হাসান,40.0,,3,সেবা প্রকাশনী,2002.0,,Paperback,Bn,OLD,http://mdsalah.customerserver003003.eurhosting.net/WATERMARKED-2/তাসের%20খেলা.jpg
20-5-350,জলদস্যুর গুপ্তধন,শামসুদ্দীন নওয়াব,40.0,,2,সেবা প্রকাশনী,2004.0,,Paperback,Bn,OLD,http://mdsalah.customerserver003003.eurhosting.net/WATERMARKED-2/জলদস্যুর%20গুপ্তধন.jpg
20-5-351,রত্নের সন্ধানে,রকিব হাসান,40.0,,0,সেবা প্রকাশনী,2003.0,,Paperback,Bn,OLD,http://mdsalah.customerserver003003.eurhosting.net/WATERMARKED-2/রত্নের%20সন্ধানে.jpg
20-5-364,ট্রেজার আইল্যান্ড/ রক্তবীজ/স্যামসন-ডেলায়লা,রবার্ট লুইস/পিটার ট্রিমেন/,60.0,,0,সেবা প্রকাশনী,2015.0,,Paperback,Bn,OLD,http://mdsalah.customerserver003003.eurhosting.net/WATERMARKED-2/ট্রেজার%20আইল্যান্ড%20রক্তবীজস্যামসন-ডেলায়লা.jpg
20-5-376,মধ্যরাতের আতঙ্ক/দানব,,50.0,,2,সেবা প্রকাশনী,2018.0,দুটি বই একত্রে,Paperback,Bn,OLD,http://mdsalah.customerserver003003.eurhosting.net/WATERMARKED-2/মধ্যরাতের%20আতঙ্কদানব.jpg
